INSERT INTO USER (ENABLED, PASSWORD, USERNAME, CREATE_USER_USERNAME, CREATE_DATE) VALUES(TRUE, '$2y$12$dN1XN9n671yDMIhu2owRgup4T33EUGeHSN02vDxA9CkRH4szqWp9K', 'admin', 'admin', '2016-01-01 00:00:00')
INSERT INTO USER_USER_ROLE (USER_USERNAME, ROLES) VALUES ('admin', 'ADMIN')
INSERT INTO USER_USER_ROLE (USER_USERNAME, ROLES) VALUES ('admin', 'PLAYER')
INSERT INTO USER (ENABLED, PASSWORD, USERNAME, CREATE_USER_USERNAME, CREATE_DATE) VALUES(TRUE, '$2y$12$dN1XN9n671yDMIhu2owRgup4T33EUGeHSN02vDxA9CkRH4szqWp9K', 'user1', 'admin', '2016-01-01 00:00:00')
INSERT INTO USER_USER_ROLE (USER_USERNAME, ROLES) VALUES ('user1', 'GAME_MANAGER')
INSERT INTO USER_USER_ROLE (USER_USERNAME, ROLES) VALUES ('user1', 'PLAYER')
INSERT INTO USER (ENABLED, PASSWORD, USERNAME, CREATE_USER_USERNAME, CREATE_DATE) VALUES(TRUE, '$2y$12$dN1XN9n671yDMIhu2owRgup4T33EUGeHSN02vDxA9CkRH4szqWp9K', 'user2', 'admin', '2016-01-01 00:00:00')
INSERT INTO USER_USER_ROLE (USER_USERNAME, ROLES) VALUES ('user2', 'PLAYER')
INSERT INTO USER (ENABLED, PASSWORD, USERNAME, CREATE_USER_USERNAME, CREATE_DATE) VALUES(TRUE, '$2y$12$dN1XN9n671yDMIhu2owRgup4T33EUGeHSN02vDxA9CkRH4szqWp9K', 'elvis', 'elvis', '2016-01-01 00:00:00')
INSERT INTO USER_USER_ROLE (USER_USERNAME, ROLES) VALUES ('elvis', 'ADMIN')
INSERT INTO USER_USER_ROLE (USER_USERNAME, ROLES) VALUES ('elvis', 'PLAYER')


INSERT INTO USER (ENABLED, PASSWORD, USERNAME, CREATE_USER_USERNAME, CREATE_DATE) VALUES(TRUE, '$2y$12$dN1XN9n671yDMIhu2owRgup4T33EUGeHSN02vDxA9CkRH4szqWp9K', 'user3', 'admin', '2016-01-01 00:00:00')
INSERT INTO USER_USER_ROLE (USER_USERNAME, ROLES) VALUES ('user3', 'PLAYER')
INSERT INTO USER (ENABLED, PASSWORD, USERNAME, CREATE_USER_USERNAME, CREATE_DATE) VALUES(TRUE, '$2y$12$dN1XN9n671yDMIhu2owRgup4T33EUGeHSN02vDxA9CkRH4szqWp9K', 'user4', 'admin', '2016-01-01 00:00:00')
INSERT INTO USER_USER_ROLE (USER_USERNAME, ROLES) VALUES ('user4', 'PLAYER')
INSERT INTO USER (ENABLED, PASSWORD, USERNAME, CREATE_USER_USERNAME, CREATE_DATE) VALUES(TRUE, '$2y$12$dN1XN9n671yDMIhu2owRgup4T33EUGeHSN02vDxA9CkRH4szqWp9K', 'user5', 'admin', '2016-01-01 00:00:00')
INSERT INTO USER_USER_ROLE (USER_USERNAME, ROLES) VALUES ('user5', 'PLAYER')
INSERT INTO USER (ENABLED, PASSWORD, USERNAME, CREATE_USER_USERNAME, CREATE_DATE) VALUES(TRUE, '$2y$12$dN1XN9n671yDMIhu2owRgup4T33EUGeHSN02vDxA9CkRH4szqWp9K', 'user6', 'admin', '2016-01-01 00:00:00')
INSERT INTO USER_USER_ROLE (USER_USERNAME, ROLES) VALUES ('user6', 'PLAYER')
INSERT INTO USER (ENABLED, PASSWORD, USERNAME, CREATE_USER_USERNAME, CREATE_DATE) VALUES(TRUE, '$2y$12$dN1XN9n671yDMIhu2owRgup4T33EUGeHSN02vDxA9CkRH4szqWp9K', 'user7', 'admin', '2016-01-01 00:00:00')
INSERT INTO USER_USER_ROLE (USER_USERNAME, ROLES) VALUES ('user7', 'PLAYER')
INSERT INTO USER (ENABLED, PASSWORD, USERNAME, CREATE_USER_USERNAME, CREATE_DATE) VALUES(TRUE, '$2y$12$dN1XN9n671yDMIhu2owRgup4T33EUGeHSN02vDxA9CkRH4szqWp9K', 'user8', 'admin', '2016-01-01 00:00:00')
INSERT INTO USER_USER_ROLE (USER_USERNAME, ROLES) VALUES ('user8', 'PLAYER')
INSERT INTO USER (ENABLED, PASSWORD, USERNAME, CREATE_USER_USERNAME, CREATE_DATE) VALUES(TRUE, '$2y$12$dN1XN9n671yDMIhu2owRgup4T33EUGeHSN02vDxA9CkRH4szqWp9K', 'topPlayer', 'admin', '2016-01-01 00:00:00')
INSERT INTO USER_USER_ROLE (USER_USERNAME, ROLES) VALUES ('topPlayer', 'PLAYER')
INSERT INTO USER (ENABLED, PASSWORD, USERNAME, CREATE_USER_USERNAME, CREATE_DATE) VALUES(TRUE, '$2y$12$dN1XN9n671yDMIhu2owRgup4T33EUGeHSN02vDxA9CkRH4szqWp9K', 'mrNice', 'admin', '2016-01-01 00:00:00')
INSERT INTO USER_USER_ROLE (USER_USERNAME, ROLES) VALUES ('mrNice', 'PLAYER')
INSERT INTO USER (ENABLED, PASSWORD, USERNAME, CREATE_USER_USERNAME, CREATE_DATE) VALUES(TRUE, '$2y$12$dN1XN9n671yDMIhu2owRgup4T33EUGeHSN02vDxA9CkRH4szqWp9K', 'dangerdan', 'admin', '2016-01-01 00:00:00')
INSERT INTO USER_USER_ROLE (USER_USERNAME, ROLES) VALUES ('dangerdan', 'PLAYER')
INSERT INTO USER (ENABLED, PASSWORD, USERNAME, CREATE_USER_USERNAME, CREATE_DATE) VALUES(TRUE, '$2y$12$dN1XN9n671yDMIhu2owRgup4T33EUGeHSN02vDxA9CkRH4szqWp9K', 'dangerdumm', 'admin', '2016-01-01 00:00:00')
INSERT INTO USER_USER_ROLE (USER_USERNAME, ROLES) VALUES ('dangerdumm', 'PLAYER')




INSERT INTO TOPIC (TOPIC_NAME) VALUES ('Geo')
INSERT INTO TOPIC (TOPIC_NAME) VALUES ('Music')
INSERT INTO TOPIC (TOPIC_NAME) VALUES ('Biology')
INSERT INTO TOPIC(TOPIC_NAME)  VALUES ('Food & Drink')
INSERT INTO TOPIC(TOPIC_NAME)  VALUES ('Fashion')
INSERT INTO TOPIC (TOPIC_NAME) VALUES ('History')
INSERT INTO TOPIC (TOPIC_NAME) VALUES ('Literature')
INSERT INTO TOPIC (TOPIC_NAME) VALUES ('Movies & TV')
INSERT INTO TOPIC (TOPIC_NAME) VALUES ('Art')
INSERT INTO TOPIC (TOPIC_NAME) VALUES ('Law')
INSERT INTO TOPIC (TOPIC_NAME) VALUES ('Celebrities & Influencers')
INSERT INTO TOPIC (TOPIC_NAME) VALUES ('Holidays & Celebrations')
INSERT INTO TOPIC (TOPIC_NAME) VALUES ('Comics')
INSERT INTO TOPIC (TOPIC_NAME) VALUES ('Video Games')
INSERT INTO TOPIC (TOPIC_NAME) VALUES ('Board Games')
INSERT INTO TOPIC (TOPIC_NAME) VALUES ('Animals')
INSERT INTO TOPIC (TOPIC_NAME) VALUES ('Architecture')
INSERT INTO TOPIC (TOPIC_NAME) VALUES ('Technology & Computer')
INSERT INTO TOPIC (TOPIC_NAME) VALUES ('Sports')
INSERT INTO TOPIC (TOPIC_NAME) VALUES ('Plants')



INSERT INTO TERM (TOPIC_TOPIC_NAME, TERM_NAME) VALUES('Plants', 'Cactus')
INSERT INTO TERM (TOPIC_TOPIC_NAME, TERM_NAME) VALUES('Plants', 'Cherry blossom')
INSERT INTO TERM (TOPIC_TOPIC_NAME, TERM_NAME) VALUES('Plants', 'Pollen')
INSERT INTO TERM (TOPIC_TOPIC_NAME, TERM_NAME) VALUES('Plants', 'Rose')
INSERT INTO TERM (TOPIC_TOPIC_NAME, TERM_NAME) VALUES('Plants', 'Daisy')
INSERT INTO TERM (TOPIC_TOPIC_NAME, TERM_NAME) VALUES('Plants', 'Sunflower')
INSERT INTO TERM (TOPIC_TOPIC_NAME, TERM_NAME) VALUES('Plants', 'Tulip')
INSERT INTO TERM (TOPIC_TOPIC_NAME, TERM_NAME) VALUES('Plants', 'Mushroom')
INSERT INTO TERM (TOPIC_TOPIC_NAME, TERM_NAME) VALUES('Plants', 'Weed')
INSERT INTO TERM (TOPIC_TOPIC_NAME, TERM_NAME) VALUES('Plants', 'Grass')
INSERT INTO TERM (TOPIC_TOPIC_NAME, TERM_NAME) VALUES('Animals', 'Lion')
INSERT INTO TERM (TOPIC_TOPIC_NAME, TERM_NAME) VALUES('Animals', 'Giraffe')
INSERT INTO TERM (TOPIC_TOPIC_NAME, TERM_NAME) VALUES('Animals', 'Snake')
INSERT INTO TERM (TOPIC_TOPIC_NAME, TERM_NAME) VALUES('Animals', 'Horse')
INSERT INTO TERM (TOPIC_TOPIC_NAME, TERM_NAME) VALUES('Animals', 'Panda')
INSERT INTO TERM (TOPIC_TOPIC_NAME, TERM_NAME) VALUES('Animals', 'Pig')
INSERT INTO TERM (TOPIC_TOPIC_NAME, TERM_NAME) VALUES('Animals', 'Deer')
INSERT INTO TERM (TOPIC_TOPIC_NAME, TERM_NAME) VALUES('Animals', 'Fox')
INSERT INTO TERM (TOPIC_TOPIC_NAME, TERM_NAME) VALUES('Animals', 'Dog')
INSERT INTO TERM (TOPIC_TOPIC_NAME, TERM_NAME) VALUES('Animals', 'Sheep')
INSERT INTO TERM (TOPIC_TOPIC_NAME, TERM_NAME) VALUES('Animals', 'Cat')
INSERT INTO TERM (TOPIC_TOPIC_NAME, TERM_NAME) VALUES('Art', 'Paint Brushes')
INSERT INTO TERM (TOPIC_TOPIC_NAME, TERM_NAME) VALUES('Art', 'Pencils')
INSERT INTO TERM (TOPIC_TOPIC_NAME, TERM_NAME) VALUES('Art', 'Watercolour')
INSERT INTO TERM (TOPIC_TOPIC_NAME, TERM_NAME) VALUES('Art', 'Gustav Klimt')
INSERT INTO TERM (TOPIC_TOPIC_NAME, TERM_NAME) VALUES('Art', 'Pablo Picasso')
INSERT INTO TERM (TOPIC_TOPIC_NAME, TERM_NAME) VALUES('Art', 'Leonardo da Vinci')
INSERT INTO TERM (TOPIC_TOPIC_NAME, TERM_NAME) VALUES('Art', 'Frida Kahlo')
INSERT INTO TERM (TOPIC_TOPIC_NAME, TERM_NAME) VALUES('Art', 'Albrecht Dürer')
INSERT INTO TERM (TOPIC_TOPIC_NAME, TERM_NAME) VALUES('Art', 'Louvre')
INSERT INTO TERM (TOPIC_TOPIC_NAME, TERM_NAME) VALUES('Celebrities & Influencers', 'Jim Carrey')
INSERT INTO TERM (TOPIC_TOPIC_NAME, TERM_NAME) VALUES('Celebrities & Influencers', 'Leonardo DiCaprio')
INSERT INTO TERM (TOPIC_TOPIC_NAME, TERM_NAME) VALUES('Celebrities & Influencers', 'Tom Hanks')
INSERT INTO TERM (TOPIC_TOPIC_NAME, TERM_NAME) VALUES('Celebrities & Influencers', 'Will Smith')
INSERT INTO TERM (TOPIC_TOPIC_NAME, TERM_NAME) VALUES('Celebrities & Influencers', 'Charlie Chaplin')
INSERT INTO TERM (TOPIC_TOPIC_NAME, TERM_NAME) VALUES('Celebrities & Influencers', 'Clint Eastwood')
INSERT INTO TERM (TOPIC_TOPIC_NAME, TERM_NAME) VALUES('Celebrities & Influencers', 'Jackie Chan')
INSERT INTO TERM (TOPIC_TOPIC_NAME, TERM_NAME) VALUES('Celebrities & Influencers', 'Monica Bellucci')
INSERT INTO TERM (TOPIC_TOPIC_NAME, TERM_NAME) VALUES('Celebrities & Influencers', 'Angelina Jolie')
INSERT INTO TERM (TOPIC_TOPIC_NAME, TERM_NAME) VALUES('Celebrities & Influencers', 'Johnny Depp')
INSERT INTO TERM (TOPIC_TOPIC_NAME, TERM_NAME) VALUES('Celebrities & Influencers', 'Bruce Willis')
INSERT INTO TERM (TOPIC_TOPIC_NAME, TERM_NAME) VALUES('Celebrities & Influencers', 'Megan Fox')
INSERT INTO TERM (TOPIC_TOPIC_NAME, TERM_NAME) VALUES('Celebrities & Influencers', 'Scarlett Johansson')
INSERT INTO TERM (TOPIC_TOPIC_NAME, TERM_NAME) VALUES('Celebrities & Influencers', 'Robin  Williams')
INSERT INTO TERM (TOPIC_TOPIC_NAME, TERM_NAME) VALUES('Celebrities & Influencers', 'John Travolta')
INSERT INTO TERM (TOPIC_TOPIC_NAME, TERM_NAME) VALUES('Celebrities & Influencers', 'Uma Thurman')
INSERT INTO TERM (TOPIC_TOPIC_NAME, TERM_NAME) VALUES('Holidays & Celebrations', 'Oktoberfest')
INSERT INTO TERM (TOPIC_TOPIC_NAME, TERM_NAME) VALUES('Holidays & Celebrations', 'Thanksgiving Day')
INSERT INTO TERM (TOPIC_TOPIC_NAME, TERM_NAME) VALUES('Holidays & Celebrations', 'Christmas')
INSERT INTO TERM (TOPIC_TOPIC_NAME, TERM_NAME) VALUES('Holidays & Celebrations', 'Easter')
INSERT INTO TERM (TOPIC_TOPIC_NAME, TERM_NAME) VALUES('Holidays & Celebrations', 'Hanukkah')
INSERT INTO TERM (TOPIC_TOPIC_NAME, TERM_NAME) VALUES('Holidays & Celebrations', 'New Year')
INSERT INTO TERM (TOPIC_TOPIC_NAME, TERM_NAME) VALUES('Holidays & Celebrations', 'Ramadan')
INSERT INTO TERM (TOPIC_TOPIC_NAME, TERM_NAME) VALUES('Holidays & Celebrations', 'Valentine’s Day')
INSERT INTO TERM (TOPIC_TOPIC_NAME, TERM_NAME) VALUES('Holidays & Celebrations', 'Halloween')
INSERT INTO TERM (TOPIC_TOPIC_NAME, TERM_NAME) VALUES('Holidays & Celebrations', 'Epiphany')
INSERT INTO TERM (TOPIC_TOPIC_NAME, TERM_NAME) VALUES('Holidays & Celebrations', 'Dia de los muertos')
INSERT INTO TERM (TOPIC_TOPIC_NAME, TERM_NAME) VALUES('Board Games', 'Chess')
INSERT INTO TERM (TOPIC_TOPIC_NAME, TERM_NAME) VALUES('Board Games', 'Monopoly')
INSERT INTO TERM (TOPIC_TOPIC_NAME, TERM_NAME) VALUES('Board Games', 'Dominoes')
INSERT INTO TERM (TOPIC_TOPIC_NAME, TERM_NAME) VALUES('Board Games', 'Puzzle')
INSERT INTO TERM (TOPIC_TOPIC_NAME, TERM_NAME) VALUES('Board Games', 'Twister')
INSERT INTO TERM (TOPIC_TOPIC_NAME, TERM_NAME) VALUES('Board Games', 'Uno')
INSERT INTO TERM (TOPIC_TOPIC_NAME, TERM_NAME) VALUES('Board Games', 'Bingo')
INSERT INTO TERM (TOPIC_TOPIC_NAME, TERM_NAME) VALUES('Board Games', 'Risiko')
INSERT INTO TERM (TOPIC_TOPIC_NAME, TERM_NAME) VALUES('Board Games', 'Poker')
INSERT INTO TERM (TOPIC_TOPIC_NAME, TERM_NAME) VALUES('Comics', 'Batman')
INSERT INTO TERM (TOPIC_TOPIC_NAME, TERM_NAME) VALUES('Comics', 'Superman')
INSERT INTO TERM (TOPIC_TOPIC_NAME, TERM_NAME) VALUES('Comics', 'Wonder Woman')
INSERT INTO TERM (TOPIC_TOPIC_NAME, TERM_NAME) VALUES('Comics', 'The Flash ')
INSERT INTO TERM (TOPIC_TOPIC_NAME, TERM_NAME) VALUES('Comics', 'Joker')
INSERT INTO TERM (TOPIC_TOPIC_NAME, TERM_NAME) VALUES('Comics', 'Aquaman')
INSERT INTO TERM (TOPIC_TOPIC_NAME, TERM_NAME) VALUES('Comics', 'Iron Man')
INSERT INTO TERM (TOPIC_TOPIC_NAME, TERM_NAME) VALUES('Comics', 'Thor')
INSERT INTO TERM (TOPIC_TOPIC_NAME, TERM_NAME) VALUES('Comics', 'Hulk')
INSERT INTO TERM (TOPIC_TOPIC_NAME, TERM_NAME) VALUES('Comics', 'Black Panther')
INSERT INTO TERM (TOPIC_TOPIC_NAME, TERM_NAME) VALUES('Comics', 'Spider Man')
INSERT INTO TERM (TOPIC_TOPIC_NAME, TERM_NAME) VALUES('Fashion', 'Vogue')
INSERT INTO TERM (TOPIC_TOPIC_NAME, TERM_NAME) VALUES('Fashion', 'Denim Jeans')
INSERT INTO TERM (TOPIC_TOPIC_NAME, TERM_NAME) VALUES('Fashion', 'Louis Vuitton')
INSERT INTO TERM (TOPIC_TOPIC_NAME, TERM_NAME) VALUES('Fashion', 'Versace')
INSERT INTO TERM (TOPIC_TOPIC_NAME, TERM_NAME) VALUES('Fashion', 'skirt')
INSERT INTO TERM (TOPIC_TOPIC_NAME, TERM_NAME) VALUES('Fashion', 'turban')
INSERT INTO TERM (TOPIC_TOPIC_NAME, TERM_NAME) VALUES('Fashion', 'gloves')
INSERT INTO TERM (TOPIC_TOPIC_NAME, TERM_NAME) VALUES('Fashion', 'belt')
INSERT INTO TERM (TOPIC_TOPIC_NAME, TERM_NAME) VALUES('Fashion', 'socks')
INSERT INTO TERM (TOPIC_TOPIC_NAME, TERM_NAME) VALUES('Fashion', 'heels')
INSERT INTO TERM (TOPIC_TOPIC_NAME, TERM_NAME) VALUES('Music', 'Michael Jackson')
INSERT INTO TERM (TOPIC_TOPIC_NAME, TERM_NAME) VALUES('Music', 'Jimi Hendrix')
INSERT INTO TERM (TOPIC_TOPIC_NAME, TERM_NAME) VALUES('Music', 'Freddie Mercury')
INSERT INTO TERM (TOPIC_TOPIC_NAME, TERM_NAME) VALUES('Music', 'Bob Marley')
INSERT INTO TERM (TOPIC_TOPIC_NAME, TERM_NAME) VALUES('Music', 'radio')
INSERT INTO TERM (TOPIC_TOPIC_NAME, TERM_NAME) VALUES('Music', 'Microphone')
INSERT INTO TERM (TOPIC_TOPIC_NAME, TERM_NAME) VALUES('Music', 'Piano')
INSERT INTO TERM (TOPIC_TOPIC_NAME, TERM_NAME) VALUES('Music', 'Guitar')
INSERT INTO TERM (TOPIC_TOPIC_NAME, TERM_NAME) VALUES('Music', 'Disc jockey')
INSERT INTO TERM (TOPIC_TOPIC_NAME, TERM_NAME) VALUES('Music', 'headphones')
INSERT INTO TERM (TOPIC_TOPIC_NAME, TERM_NAME) VALUES('Music', 'album')
INSERT INTO TERM (TOPIC_TOPIC_NAME, TERM_NAME) VALUES('Music', 'gramophone record')
INSERT INTO TERM (TOPIC_TOPIC_NAME, TERM_NAME) VALUES('Literature', 'William Shakespeare')
INSERT INTO TERM (TOPIC_TOPIC_NAME, TERM_NAME) VALUES('Literature', 'Pinocchio')
INSERT INTO TERM (TOPIC_TOPIC_NAME, TERM_NAME) VALUES('Literature', 'Dracula')
INSERT INTO TERM (TOPIC_TOPIC_NAME, TERM_NAME) VALUES('Literature', 'Peter Pan')
INSERT INTO TERM (TOPIC_TOPIC_NAME, TERM_NAME) VALUES('Literature', 'Pippi Longstocking')
INSERT INTO TERM (TOPIC_TOPIC_NAME, TERM_NAME) VALUES('Literature', 'ghost')
INSERT INTO TERM (TOPIC_TOPIC_NAME, TERM_NAME) VALUES('Literature', 'dragon')
INSERT INTO TERM (TOPIC_TOPIC_NAME, TERM_NAME) VALUES('Literature', 'castle')
INSERT INTO TERM (TOPIC_TOPIC_NAME, TERM_NAME) VALUES('Literature', 'witch')
INSERT INTO TERM (TOPIC_TOPIC_NAME, TERM_NAME) VALUES('Literature', 'Sherlock Holmes')
INSERT INTO TERM (TOPIC_TOPIC_NAME, TERM_NAME) VALUES('Geo', 'Alpen')
INSERT INTO TERM (TOPIC_TOPIC_NAME, TERM_NAME) VALUES('Geo', 'Berg')
INSERT INTO TERM (TOPIC_TOPIC_NAME, TERM_NAME) VALUES('Geo', 'Wald')
INSERT INTO TERM (TOPIC_TOPIC_NAME, TERM_NAME) VALUES('Geo', 'See')
INSERT INTO TERM (TOPIC_TOPIC_NAME, TERM_NAME) VALUES('Geo', 'Klee')
INSERT INTO TERM (TOPIC_TOPIC_NAME, TERM_NAME) VALUES('Geo', 'Otter')
INSERT INTO TERM (TOPIC_TOPIC_NAME, TERM_NAME) VALUES('Geo', 'Fisch')
INSERT INTO TERM (TOPIC_TOPIC_NAME, TERM_NAME) VALUES('Geo', 'Kisch')
INSERT INTO TERM (TOPIC_TOPIC_NAME, TERM_NAME) VALUES('Geo', 'Nordkette')
INSERT INTO TERM (TOPIC_TOPIC_NAME, TERM_NAME) VALUES('Geo', 'Serles')
INSERT INTO TERM (TOPIC_TOPIC_NAME, TERM_NAME) VALUES('Geo', 'Hohe Wand')
INSERT INTO TERM (TOPIC_TOPIC_NAME, TERM_NAME) VALUES('Geo', 'Karlenberg')
INSERT INTO TERM (TOPIC_TOPIC_NAME, TERM_NAME) VALUES('Geo', 'Schneeberg')
INSERT INTO TERM (TOPIC_TOPIC_NAME, TERM_NAME) VALUES('Geo', 'K2')
INSERT INTO TERM (TOPIC_TOPIC_NAME, TERM_NAME) VALUES('Geo', 'K3')
INSERT INTO TERM (TOPIC_TOPIC_NAME, TERM_NAME) VALUES('Geo', 'K4')
INSERT INTO TERM (TOPIC_TOPIC_NAME, TERM_NAME) VALUES('Geo', 'K5')
INSERT INTO TERM (TOPIC_TOPIC_NAME, TERM_NAME) VALUES('Geo', 'K6')
INSERT INTO TERM (TOPIC_TOPIC_NAME, TERM_NAME) VALUES('Geo', 'K7')
INSERT INTO TERM (TOPIC_TOPIC_NAME, TERM_NAME) VALUES('Geo', 'K8')
INSERT INTO TERM (TOPIC_TOPIC_NAME, TERM_NAME) VALUES('Geo', 'K9')
INSERT INTO TERM (TOPIC_TOPIC_NAME, TERM_NAME) VALUES('Geo', 'K10')
INSERT INTO TERM (TOPIC_TOPIC_NAME, TERM_NAME) VALUES('Geo', 'K11')
INSERT INTO TERM (TOPIC_TOPIC_NAME, TERM_NAME) VALUES('Geo', 'K12')
INSERT INTO TERM (TOPIC_TOPIC_NAME, TERM_NAME) VALUES('Geo', 'K13')
INSERT INTO TERM (TOPIC_TOPIC_NAME, TERM_NAME) VALUES('Geo', 'K14')
INSERT INTO TERM (TOPIC_TOPIC_NAME, TERM_NAME) VALUES('Geo', 'K15')
INSERT INTO TERM (TOPIC_TOPIC_NAME, TERM_NAME) VALUES('Geo', 'K16')
INSERT INTO TERM (TOPIC_TOPIC_NAME, TERM_NAME) VALUES('Geo', 'K17')
INSERT INTO TERM (TOPIC_TOPIC_NAME, TERM_NAME) VALUES('Geo', 'K18')
INSERT INTO TERM (TOPIC_TOPIC_NAME, TERM_NAME) VALUES('Geo', 'K19')
INSERT INTO TERM (TOPIC_TOPIC_NAME, TERM_NAME) VALUES('Geo', 'K20')
INSERT INTO TERM (TOPIC_TOPIC_NAME, TERM_NAME) VALUES('Geo', 'K21')
INSERT INTO TERM (TOPIC_TOPIC_NAME, TERM_NAME) VALUES('Geo', 'K22')
INSERT INTO TERM (TOPIC_TOPIC_NAME, TERM_NAME) VALUES('Geo', 'K23')
INSERT INTO TERM (TOPIC_TOPIC_NAME, TERM_NAME) VALUES('Geo', 'K24')
INSERT INTO TERM (TOPIC_TOPIC_NAME, TERM_NAME) VALUES('Geo', 'K25')

INSERT INTO GAME (GAME_NAME, COUNT_PLAYERS, NR_ROUND, TEAM_SIZE, SCORE_TO_WIN, TOTAL_SCORE, TOPIC_TOPIC_NAME, ACTIVE) VALUES ('Zlatko', '4', '0', '2', '45', '1', 'Geo', false)
INSERT INTO GAME (GAME_NAME, COUNT_PLAYERS, NR_ROUND, TEAM_SIZE, SCORE_TO_WIN, TOTAL_SCORE, TOPIC_TOPIC_NAME, ACTIVE) VALUES ('Michael', '4', '3', '2', '10', '1', 'Geo', false)
INSERT INTO GAME (GAME_NAME, COUNT_PLAYERS, NR_ROUND, TEAM_SIZE, SCORE_TO_WIN, TOTAL_SCORE, TOPIC_TOPIC_NAME, ACTIVE) VALUES ('Max', '4', '0', '2', '20', '1', 'Geo', false)
INSERT INTO GAME (GAME_NAME, COUNT_PLAYERS, NR_ROUND, TEAM_SIZE, SCORE_TO_WIN, TOTAL_SCORE, TOPIC_TOPIC_NAME, ACTIVE) VALUES ('Angela', '4', '3', '2', '25', '1', 'Geo', false)
-- pending game1
-- init game
INSERT INTO GAME (GAME_NAME, COUNT_PLAYERS, NR_ROUND, TEAM_SIZE, SCORE_TO_WIN, TOTAL_SCORE, TOPIC_TOPIC_NAME, ACTIVE, START_TIME) VALUES ('Peter', '4', '0', '2', '50', '1', 'Geo', true, '2021-04-29T18:18:46+02:00')

INSERT INTO GAME (GAME_NAME, COUNT_PLAYERS, NR_ROUND, TEAM_SIZE, SCORE_TO_WIN, TOTAL_SCORE, TOPIC_TOPIC_NAME, ACTIVE, START_TIME) VALUES ('Jackson', '6', '0', '2', '50', '1', 'Geo', true, '2021-04-29T18:18:46+02:00')
INSERT INTO GAME (GAME_NAME, COUNT_PLAYERS, NR_ROUND, TEAM_SIZE, SCORE_TO_WIN, TOTAL_SCORE, TOPIC_TOPIC_NAME, ACTIVE, START_TIME) VALUES ('Test', '2', '0', '2', '50', '1', 'Geo', true, '2021-04-29T18:18:46+02:00')


-- init team1
INSERT INTO TEAM (TEAM_NAME, GAME_GAME_ID) VALUES ('TEAM1', '1')
-- init team1 with players
INSERT INTO TEAM_TEAM_PLAYERS(TEAM_TEAM_ID, TEAM_PLAYERS_USERNAME) VALUES ('1', 'user1')
INSERT INTO TEAM_TEAM_PLAYERS(TEAM_TEAM_ID, TEAM_PLAYERS_USERNAME) VALUES ('1', 'user2')
-- init team2
INSERT INTO TEAM (TEAM_NAME, GAME_GAME_ID) VALUES ('TEAM2', '1')
-- init team2 with players
INSERT INTO TEAM_TEAM_PLAYERS(TEAM_TEAM_ID, TEAM_PLAYERS_USERNAME) VALUES ('2', 'user3')
INSERT INTO TEAM_TEAM_PLAYERS(TEAM_TEAM_ID, TEAM_PLAYERS_USERNAME) VALUES ('2', 'user4')
-- associate team with the game
INSERT INTO GAME_TEAM_LIST (GAME_GAME_ID, TEAM_LIST_TEAM_ID) VALUES ('1', '1')
INSERT INTO GAME_TEAM_LIST (GAME_GAME_ID, TEAM_LIST_TEAM_ID) VALUES ('1', '2')
-- played rounds with the score results
INSERT INTO SCORE (TOTAL_ROUND_SCORE, GAME_GAME_ID, TEAM_TEAM_ID, USER_USERNAME) VALUES ('3', '1', '1', 'user1')
INSERT INTO SCORE (TOTAL_ROUND_SCORE, GAME_GAME_ID, TEAM_TEAM_ID, USER_USERNAME) VALUES ('2', '1', '1', 'user1')
INSERT INTO SCORE (TOTAL_ROUND_SCORE, GAME_GAME_ID, TEAM_TEAM_ID, USER_USERNAME) VALUES ('1', '1', '1', 'user2')
INSERT INTO SCORE (TOTAL_ROUND_SCORE, GAME_GAME_ID, TEAM_TEAM_ID, USER_USERNAME) VALUES ('1', '1', '1', 'user2')
INSERT INTO SCORE (TOTAL_ROUND_SCORE, GAME_GAME_ID, TEAM_TEAM_ID, USER_USERNAME) VALUES ('3', '1', '1', 'user1')
INSERT INTO SCORE (TOTAL_ROUND_SCORE, GAME_GAME_ID, TEAM_TEAM_ID, USER_USERNAME) VALUES ('2', '1', '1', 'user1')
INSERT INTO SCORE (TOTAL_ROUND_SCORE, GAME_GAME_ID, TEAM_TEAM_ID, USER_USERNAME) VALUES ('1', '1', '1', 'user2')
INSERT INTO SCORE (TOTAL_ROUND_SCORE, GAME_GAME_ID, TEAM_TEAM_ID, USER_USERNAME) VALUES ('1', '1', '1', 'user2')
INSERT INTO SCORE (TOTAL_ROUND_SCORE, GAME_GAME_ID, TEAM_TEAM_ID, USER_USERNAME) VALUES ('0', '1', '1', 'user1')
INSERT INTO SCORE (TOTAL_ROUND_SCORE, GAME_GAME_ID, TEAM_TEAM_ID, USER_USERNAME) VALUES ('0', '1', '1', 'user1')
INSERT INTO SCORE (TOTAL_ROUND_SCORE, GAME_GAME_ID, TEAM_TEAM_ID, USER_USERNAME) VALUES ('0', '1', '1', 'user2')
INSERT INTO SCORE (TOTAL_ROUND_SCORE, GAME_GAME_ID, TEAM_TEAM_ID, USER_USERNAME) VALUES ('0', '1', '1', 'user2')
INSERT INTO SCORE (TOTAL_ROUND_SCORE, GAME_GAME_ID, TEAM_TEAM_ID, USER_USERNAME) VALUES ('0', '1', '1', 'user1')
INSERT INTO SCORE (TOTAL_ROUND_SCORE, GAME_GAME_ID, TEAM_TEAM_ID, USER_USERNAME) VALUES ('0', '1', '1', 'user2')
INSERT INTO SCORE (TOTAL_ROUND_SCORE, GAME_GAME_ID, TEAM_TEAM_ID, USER_USERNAME) VALUES ('0', '1', '1', 'user2')

INSERT INTO SCORE (TOTAL_ROUND_SCORE, GAME_GAME_ID, TEAM_TEAM_ID, USER_USERNAME) VALUES ('3', '1', '1', 'user3')
INSERT INTO SCORE (TOTAL_ROUND_SCORE, GAME_GAME_ID, TEAM_TEAM_ID, USER_USERNAME) VALUES ('2', '1', '1', 'user3')
INSERT INTO SCORE (TOTAL_ROUND_SCORE, GAME_GAME_ID, TEAM_TEAM_ID, USER_USERNAME) VALUES ('1', '1', '1', 'user3')
INSERT INTO SCORE (TOTAL_ROUND_SCORE, GAME_GAME_ID, TEAM_TEAM_ID, USER_USERNAME) VALUES ('1', '1', '1', 'user3')
INSERT INTO SCORE (TOTAL_ROUND_SCORE, GAME_GAME_ID, TEAM_TEAM_ID, USER_USERNAME) VALUES ('3', '1', '1', 'user3')
INSERT INTO SCORE (TOTAL_ROUND_SCORE, GAME_GAME_ID, TEAM_TEAM_ID, USER_USERNAME) VALUES ('2', '1', '1', 'user4')
INSERT INTO SCORE (TOTAL_ROUND_SCORE, GAME_GAME_ID, TEAM_TEAM_ID, USER_USERNAME) VALUES ('1', '1', '1', 'user4')
INSERT INTO SCORE (TOTAL_ROUND_SCORE, GAME_GAME_ID, TEAM_TEAM_ID, USER_USERNAME) VALUES ('1', '1', '1', 'user4')
INSERT INTO SCORE (TOTAL_ROUND_SCORE, GAME_GAME_ID, TEAM_TEAM_ID, USER_USERNAME) VALUES ('0', '1', '1', 'user4')
INSERT INTO SCORE (TOTAL_ROUND_SCORE, GAME_GAME_ID, TEAM_TEAM_ID, USER_USERNAME) VALUES ('0', '1', '1', 'user4')
INSERT INTO SCORE (TOTAL_ROUND_SCORE, GAME_GAME_ID, TEAM_TEAM_ID, USER_USERNAME) VALUES ('0', '1', '1', 'user4')
INSERT INTO SCORE (TOTAL_ROUND_SCORE, GAME_GAME_ID, TEAM_TEAM_ID, USER_USERNAME) VALUES ('0', '1', '1', 'user4')
INSERT INTO SCORE (TOTAL_ROUND_SCORE, GAME_GAME_ID, TEAM_TEAM_ID, USER_USERNAME) VALUES ('0', '1', '1', 'user4')
INSERT INTO SCORE (TOTAL_ROUND_SCORE, GAME_GAME_ID, TEAM_TEAM_ID, USER_USERNAME) VALUES ('0', '1', '1', 'user4')
INSERT INTO SCORE (TOTAL_ROUND_SCORE, GAME_GAME_ID, TEAM_TEAM_ID, USER_USERNAME) VALUES ('0', '1', '1', 'user4')

-- pending game1 end

-- finished game1
INSERT INTO GAME (GAME_NAME, COUNT_PLAYERS, NR_ROUND, TEAM_SIZE, SCORE_TO_WIN, TOTAL_SCORE, TOPIC_TOPIC_NAME, ACTIVE, START_TIME, END_TIME) VALUES ('Hans', '4', '0', '2', '10', '1', 'Geo', false, '2021-04-29T18:18:46+02:00', '2021-04-29T18:19:46+02:00')
INSERT INTO TEAM (TEAM_NAME, GAME_GAME_ID) VALUES ('TEAM1', '2')
INSERT INTO TEAM_TEAM_PLAYERS(TEAM_TEAM_ID, TEAM_PLAYERS_USERNAME) VALUES ('3', 'topPlayer')
INSERT INTO TEAM_TEAM_PLAYERS(TEAM_TEAM_ID, TEAM_PLAYERS_USERNAME) VALUES ('3', 'mrNice')
INSERT INTO TEAM (TEAM_NAME, GAME_GAME_ID) VALUES ('TEAM2', '2')
INSERT INTO TEAM_TEAM_PLAYERS(TEAM_TEAM_ID, TEAM_PLAYERS_USERNAME) VALUES ('4', 'dangerdan')
INSERT INTO TEAM_TEAM_PLAYERS(TEAM_TEAM_ID, TEAM_PLAYERS_USERNAME) VALUES ('4', 'dangerdumm')
INSERT INTO GAME_TEAM_LIST (GAME_GAME_ID, TEAM_LIST_TEAM_ID) VALUES ('2', '3')
INSERT INTO GAME_TEAM_LIST (GAME_GAME_ID, TEAM_LIST_TEAM_ID) VALUES ('2', '4')

INSERT INTO SCORE (TOTAL_ROUND_SCORE, GAME_GAME_ID, TEAM_TEAM_ID, USER_USERNAME) VALUES ('3', '2', '3', 'topPlayer')
INSERT INTO SCORE (TOTAL_ROUND_SCORE, GAME_GAME_ID, TEAM_TEAM_ID, USER_USERNAME) VALUES ('3', '2', '3', 'topPlayer')
INSERT INTO SCORE (TOTAL_ROUND_SCORE, GAME_GAME_ID, TEAM_TEAM_ID, USER_USERNAME) VALUES ('3', '2', '3', 'topPlayer')
INSERT INTO SCORE (TOTAL_ROUND_SCORE, GAME_GAME_ID, TEAM_TEAM_ID, USER_USERNAME) VALUES ('1', '2', '3', 'mrNice')

INSERT INTO SCORE (TOTAL_ROUND_SCORE, GAME_GAME_ID, TEAM_TEAM_ID, USER_USERNAME) VALUES ('3', '2', '4', 'dangerdumm')
INSERT INTO SCORE (TOTAL_ROUND_SCORE, GAME_GAME_ID, TEAM_TEAM_ID, USER_USERNAME) VALUES ('3', '2', '3', 'dangerdumm')
INSERT INTO SCORE (TOTAL_ROUND_SCORE, GAME_GAME_ID, TEAM_TEAM_ID, USER_USERNAME) VALUES ('3', '2', '3', 'dangerdan')
INSERT INTO SCORE (TOTAL_ROUND_SCORE, GAME_GAME_ID, TEAM_TEAM_ID, USER_USERNAME) VALUES ('0', '2', '3', 'dangerdan')


INSERT INTO RASPBERRY (HOSTNAME, IN_USE, IP_ADDRESS) VALUES('raspi', true, 'x')
INSERT INTO RASPBERRY (IP_ADDRESS,API_KEY,IN_USE) VALUES ('192.168.0.10','7173b055-4674-4ca2-8348-60e1b3fa8204',TRUE )
INSERT INTO RASPBERRY (IP_ADDRESS,IN_USE) VALUES ('192.168.0.11',TRUE )
UPDATE USER SET RASPBERRY_RASPBERRY_ID = 1 WHERE USERNAME = 'admin'
UPDATE USER SET RASPBERRY_RASPBERRY_ID = 1 WHERE USERNAME = 'user1'
UPDATE USER SET RASPBERRY_RASPBERRY_ID = 1 WHERE USERNAME = 'user2'
UPDATE USER SET RASPBERRY_RASPBERRY_ID = 1 WHERE USERNAME = 'user3'


INSERT INTO TIME_FLIP_CONF (FACET_POINT, TIME, REQUEST_TYPE) VALUES (2, 60, 'PANTOMIME')
INSERT INTO TIME_FLIP_CONF (FACET_POINT, TIME, REQUEST_TYPE) VALUES (3, 60, 'PANTOMIME')
INSERT INTO TIME_FLIP_CONF (FACET_POINT, TIME, REQUEST_TYPE) VALUES (2, 60, 'RHYME')

INSERT INTO TIME_FLIP_CONF (FACET_POINT, TIME, REQUEST_TYPE) VALUES (1, 60, 'PANTOMIME')
INSERT INTO TIME_FLIP_CONF (FACET_POINT, TIME, REQUEST_TYPE) VALUES (3, 60, 'SPEAKING')
INSERT INTO TIME_FLIP_CONF (FACET_POINT, TIME, REQUEST_TYPE) VALUES (1, 60, 'RHYME')

INSERT INTO TIME_FLIP_CONF (FACET_POINT, TIME, REQUEST_TYPE) VALUES (1, 60, 'SPEAKING')
INSERT INTO TIME_FLIP_CONF (FACET_POINT, TIME, REQUEST_TYPE) VALUES (1, 120, 'DRAWING')
INSERT INTO TIME_FLIP_CONF (FACET_POINT, TIME, REQUEST_TYPE) VALUES (2, 120, 'DRAWING')

INSERT INTO TIME_FLIP_CONF (FACET_POINT, TIME, REQUEST_TYPE) VALUES (1, 120, 'DRAWING')
INSERT INTO TIME_FLIP_CONF (FACET_POINT, TIME, REQUEST_TYPE) VALUES (2, 60, 'SPEAKING')
INSERT INTO TIME_FLIP_CONF (FACET_POINT, TIME, REQUEST_TYPE) VALUES (3, 60, 'RHYME')
