INSERT INTO USER (ENABLED, PASSWORD, USERNAME, CREATE_USER_USERNAME, CREATE_DATE) VALUES(TRUE, '$2y$12$dN1XN9n671yDMIhu2owRgup4T33EUGeHSN02vDxA9CkRH4szqWp9K', 'admin', 'admin', '2016-01-01 00:00:00')
INSERT INTO USER_USER_ROLE (USER_USERNAME, ROLES) VALUES ('admin', 'ADMIN')
INSERT INTO USER_USER_ROLE (USER_USERNAME, ROLES) VALUES ('admin', 'PLAYER')
INSERT INTO USER (ENABLED, PASSWORD, USERNAME, CREATE_USER_USERNAME, CREATE_DATE) VALUES(TRUE, '$2y$12$dN1XN9n671yDMIhu2owRgup4T33EUGeHSN02vDxA9CkRH4szqWp9K', 'user1', 'admin', '2016-01-01 00:00:00')
INSERT INTO USER_USER_ROLE (USER_USERNAME, ROLES) VALUES ('user1', 'GAME_MANAGER')
INSERT INTO USER_USER_ROLE (USER_USERNAME, ROLES) VALUES ('user1', 'PLAYER')
INSERT INTO USER (ENABLED, PASSWORD, USERNAME, CREATE_USER_USERNAME, CREATE_DATE) VALUES(TRUE, '$2y$12$dN1XN9n671yDMIhu2owRgup4T33EUGeHSN02vDxA9CkRH4szqWp9K', 'user2', 'admin', '2016-01-01 00:00:00')
INSERT INTO USER_USER_ROLE (USER_USERNAME, ROLES) VALUES ('user2', 'PLAYER')
INSERT INTO USER (ENABLED, PASSWORD, USERNAME, CREATE_USER_USERNAME, CREATE_DATE) VALUES(TRUE, '$2y$12$dN1XN9n671yDMIhu2owRgup4T33EUGeHSN02vDxA9CkRH4szqWp9K', 'elvis', 'elvis', '2016-01-01 00:00:00')
INSERT INTO USER_USER_ROLE (USER_USERNAME, ROLES) VALUES ('elvis', 'ADMIN')
INSERT INTO USER_USER_ROLE (USER_USERNAME, ROLES) VALUES ('elvis', 'PLAYER')


INSERT INTO USER (ENABLED, PASSWORD, USERNAME, CREATE_USER_USERNAME, CREATE_DATE) VALUES(TRUE, '$2y$12$dN1XN9n671yDMIhu2owRgup4T33EUGeHSN02vDxA9CkRH4szqWp9K', 'user3', 'admin', '2016-01-01 00:00:00')
INSERT INTO USER_USER_ROLE (USER_USERNAME, ROLES) VALUES ('user3', 'PLAYER')
INSERT INTO USER (ENABLED, PASSWORD, USERNAME, CREATE_USER_USERNAME, CREATE_DATE) VALUES(TRUE, '$2y$12$dN1XN9n671yDMIhu2owRgup4T33EUGeHSN02vDxA9CkRH4szqWp9K', 'user4', 'admin', '2016-01-01 00:00:00')
INSERT INTO USER_USER_ROLE (USER_USERNAME, ROLES) VALUES ('user4', 'PLAYER')
INSERT INTO USER (ENABLED, PASSWORD, USERNAME, CREATE_USER_USERNAME, CREATE_DATE) VALUES(TRUE, '$2y$12$dN1XN9n671yDMIhu2owRgup4T33EUGeHSN02vDxA9CkRH4szqWp9K', 'user5', 'admin', '2016-01-01 00:00:00')
INSERT INTO USER_USER_ROLE (USER_USERNAME, ROLES) VALUES ('user5', 'PLAYER')
INSERT INTO USER (ENABLED, PASSWORD, USERNAME, CREATE_USER_USERNAME, CREATE_DATE) VALUES(TRUE, '$2y$12$dN1XN9n671yDMIhu2owRgup4T33EUGeHSN02vDxA9CkRH4szqWp9K', 'user6', 'admin', '2016-01-01 00:00:00')
INSERT INTO USER_USER_ROLE (USER_USERNAME, ROLES) VALUES ('user6', 'PLAYER')
INSERT INTO USER (ENABLED, PASSWORD, USERNAME, CREATE_USER_USERNAME, CREATE_DATE) VALUES(TRUE, '$2y$12$dN1XN9n671yDMIhu2owRgup4T33EUGeHSN02vDxA9CkRH4szqWp9K', 'user7', 'admin', '2016-01-01 00:00:00')
INSERT INTO USER_USER_ROLE (USER_USERNAME, ROLES) VALUES ('user7', 'PLAYER')
INSERT INTO USER (ENABLED, PASSWORD, USERNAME, CREATE_USER_USERNAME, CREATE_DATE) VALUES(TRUE, '$2y$12$dN1XN9n671yDMIhu2owRgup4T33EUGeHSN02vDxA9CkRH4szqWp9K', 'user8', 'admin', '2016-01-01 00:00:00')
INSERT INTO USER_USER_ROLE (USER_USERNAME, ROLES) VALUES ('user8', 'PLAYER')






INSERT INTO TOPIC (TOPIC_NAME) VALUES ('Geo')
INSERT INTO TOPIC (TOPIC_NAME) VALUES ('Music')
INSERT INTO TOPIC (TOPIC_NAME) VALUES ('Biology')
INSERT INTO TOPIC(TOPIC_NAME)  VALUES ('Food & Drink')
INSERT INTO TOPIC(TOPIC_NAME)  VALUES ('Fashion')
INSERT INTO TOPIC (TOPIC_NAME) VALUES ('History')
INSERT INTO TOPIC (TOPIC_NAME) VALUES ('Literature')
INSERT INTO TOPIC (TOPIC_NAME) VALUES ('Movies & TV')
INSERT INTO TOPIC (TOPIC_NAME) VALUES ('Art')
INSERT INTO TOPIC (TOPIC_NAME) VALUES ('Law')
INSERT INTO TOPIC (TOPIC_NAME) VALUES ('Celebrities & Influencers')
INSERT INTO TOPIC (TOPIC_NAME) VALUES ('Holidays & Celebrations')
INSERT INTO TOPIC (TOPIC_NAME) VALUES ('Comics')
INSERT INTO TOPIC (TOPIC_NAME) VALUES ('Video Games')
INSERT INTO TOPIC (TOPIC_NAME) VALUES ('Board Games')
INSERT INTO TOPIC (TOPIC_NAME) VALUES ('Animals')
INSERT INTO TOPIC (TOPIC_NAME) VALUES ('Architecture')
INSERT INTO TOPIC (TOPIC_NAME) VALUES ('Technology & Computer')
INSERT INTO TOPIC (TOPIC_NAME) VALUES ('Sports')
INSERT INTO TOPIC (TOPIC_NAME) VALUES ('Plants')



INSERT INTO TERM (TOPIC_TOPIC_NAME, TERM_NAME) VALUES('Plants', 'Cactus')
INSERT INTO TERM (TOPIC_TOPIC_NAME, TERM_NAME) VALUES('Plants', 'Cherry blossom')
INSERT INTO TERM (TOPIC_TOPIC_NAME, TERM_NAME) VALUES('Plants', 'Pollen')
INSERT INTO TERM (TOPIC_TOPIC_NAME, TERM_NAME) VALUES('Plants', 'Rose')
INSERT INTO TERM (TOPIC_TOPIC_NAME, TERM_NAME) VALUES('Plants', 'Daisy')
INSERT INTO TERM (TOPIC_TOPIC_NAME, TERM_NAME) VALUES('Plants', 'Sunflower')
INSERT INTO TERM (TOPIC_TOPIC_NAME, TERM_NAME) VALUES('Plants', 'Tulip')
INSERT INTO TERM (TOPIC_TOPIC_NAME, TERM_NAME) VALUES('Plants', 'Mushroom')
INSERT INTO TERM (TOPIC_TOPIC_NAME, TERM_NAME) VALUES('Plants', 'Weed')
INSERT INTO TERM (TOPIC_TOPIC_NAME, TERM_NAME) VALUES('Plants', 'Grass')
INSERT INTO TERM (TOPIC_TOPIC_NAME, TERM_NAME) VALUES('Animals', 'Lion')
INSERT INTO TERM (TOPIC_TOPIC_NAME, TERM_NAME) VALUES('Animals', 'Giraffe')
INSERT INTO TERM (TOPIC_TOPIC_NAME, TERM_NAME) VALUES('Animals', 'Snake')
INSERT INTO TERM (TOPIC_TOPIC_NAME, TERM_NAME) VALUES('Animals', 'Horse')
INSERT INTO TERM (TOPIC_TOPIC_NAME, TERM_NAME) VALUES('Animals', 'Panda')
INSERT INTO TERM (TOPIC_TOPIC_NAME, TERM_NAME) VALUES('Animals', 'Pig')
INSERT INTO TERM (TOPIC_TOPIC_NAME, TERM_NAME) VALUES('Animals', 'Deer')
INSERT INTO TERM (TOPIC_TOPIC_NAME, TERM_NAME) VALUES('Animals', 'Fox')
INSERT INTO TERM (TOPIC_TOPIC_NAME, TERM_NAME) VALUES('Animals', 'Dog')
INSERT INTO TERM (TOPIC_TOPIC_NAME, TERM_NAME) VALUES('Animals', 'Sheep')
INSERT INTO TERM (TOPIC_TOPIC_NAME, TERM_NAME) VALUES('Animals', 'Cat')
INSERT INTO TERM (TOPIC_TOPIC_NAME, TERM_NAME) VALUES('Art', 'Paint Brushes')
INSERT INTO TERM (TOPIC_TOPIC_NAME, TERM_NAME) VALUES('Art', 'Pencils')
INSERT INTO TERM (TOPIC_TOPIC_NAME, TERM_NAME) VALUES('Art', 'Watercolour')
INSERT INTO TERM (TOPIC_TOPIC_NAME, TERM_NAME) VALUES('Art', 'Gustav Klimt')
INSERT INTO TERM (TOPIC_TOPIC_NAME, TERM_NAME) VALUES('Art', 'Pablo Picasso')
INSERT INTO TERM (TOPIC_TOPIC_NAME, TERM_NAME) VALUES('Art', 'Leonardo da Vinci')
INSERT INTO TERM (TOPIC_TOPIC_NAME, TERM_NAME) VALUES('Art', 'Frida Kahlo')
INSERT INTO TERM (TOPIC_TOPIC_NAME, TERM_NAME) VALUES('Art', 'Albrecht Dürer')
INSERT INTO TERM (TOPIC_TOPIC_NAME, TERM_NAME) VALUES('Art', 'Louvre')
INSERT INTO TERM (TOPIC_TOPIC_NAME, TERM_NAME) VALUES('Celebrities & Influencers', 'Jim Carrey')
INSERT INTO TERM (TOPIC_TOPIC_NAME, TERM_NAME) VALUES('Celebrities & Influencers', 'Leonardo DiCaprio')
INSERT INTO TERM (TOPIC_TOPIC_NAME, TERM_NAME) VALUES('Celebrities & Influencers', 'Tom Hanks')
INSERT INTO TERM (TOPIC_TOPIC_NAME, TERM_NAME) VALUES('Celebrities & Influencers', 'Will Smith')
INSERT INTO TERM (TOPIC_TOPIC_NAME, TERM_NAME) VALUES('Celebrities & Influencers', 'Charlie Chaplin')
INSERT INTO TERM (TOPIC_TOPIC_NAME, TERM_NAME) VALUES('Celebrities & Influencers', 'Clint Eastwood')
INSERT INTO TERM (TOPIC_TOPIC_NAME, TERM_NAME) VALUES('Celebrities & Influencers', 'Jackie Chan')
INSERT INTO TERM (TOPIC_TOPIC_NAME, TERM_NAME) VALUES('Celebrities & Influencers', 'Monica Bellucci')
INSERT INTO TERM (TOPIC_TOPIC_NAME, TERM_NAME) VALUES('Celebrities & Influencers', 'Angelina Jolie')
INSERT INTO TERM (TOPIC_TOPIC_NAME, TERM_NAME) VALUES('Celebrities & Influencers', 'Johnny Depp')
INSERT INTO TERM (TOPIC_TOPIC_NAME, TERM_NAME) VALUES('Celebrities & Influencers', 'Bruce Willis')
INSERT INTO TERM (TOPIC_TOPIC_NAME, TERM_NAME) VALUES('Celebrities & Influencers', 'Megan Fox')
INSERT INTO TERM (TOPIC_TOPIC_NAME, TERM_NAME) VALUES('Celebrities & Influencers', 'Scarlett Johansson')
INSERT INTO TERM (TOPIC_TOPIC_NAME, TERM_NAME) VALUES('Celebrities & Influencers', 'Robin  Williams')
INSERT INTO TERM (TOPIC_TOPIC_NAME, TERM_NAME) VALUES('Celebrities & Influencers', 'John Travolta')
INSERT INTO TERM (TOPIC_TOPIC_NAME, TERM_NAME) VALUES('Celebrities & Influencers', 'Uma Thurman')
INSERT INTO TERM (TOPIC_TOPIC_NAME, TERM_NAME) VALUES('Holidays & Celebrations', 'Oktoberfest')
INSERT INTO TERM (TOPIC_TOPIC_NAME, TERM_NAME) VALUES('Holidays & Celebrations', 'Thanksgiving Day')
INSERT INTO TERM (TOPIC_TOPIC_NAME, TERM_NAME) VALUES('Holidays & Celebrations', 'Christmas')
INSERT INTO TERM (TOPIC_TOPIC_NAME, TERM_NAME) VALUES('Holidays & Celebrations', 'Easter')
INSERT INTO TERM (TOPIC_TOPIC_NAME, TERM_NAME) VALUES('Holidays & Celebrations', 'Hanukkah')
INSERT INTO TERM (TOPIC_TOPIC_NAME, TERM_NAME) VALUES('Holidays & Celebrations', 'New Year')
INSERT INTO TERM (TOPIC_TOPIC_NAME, TERM_NAME) VALUES('Holidays & Celebrations', 'Ramadan')
INSERT INTO TERM (TOPIC_TOPIC_NAME, TERM_NAME) VALUES('Holidays & Celebrations', 'Valentine’s Day')
INSERT INTO TERM (TOPIC_TOPIC_NAME, TERM_NAME) VALUES('Holidays & Celebrations', 'Halloween')
INSERT INTO TERM (TOPIC_TOPIC_NAME, TERM_NAME) VALUES('Holidays & Celebrations', 'Epiphany')
INSERT INTO TERM (TOPIC_TOPIC_NAME, TERM_NAME) VALUES('Holidays & Celebrations', 'Dia de los muertos')
INSERT INTO TERM (TOPIC_TOPIC_NAME, TERM_NAME) VALUES('Board Games', 'Chess')
INSERT INTO TERM (TOPIC_TOPIC_NAME, TERM_NAME) VALUES('Board Games', 'Monopoly')
INSERT INTO TERM (TOPIC_TOPIC_NAME, TERM_NAME) VALUES('Board Games', 'Dominoes')
INSERT INTO TERM (TOPIC_TOPIC_NAME, TERM_NAME) VALUES('Board Games', 'Puzzle')
INSERT INTO TERM (TOPIC_TOPIC_NAME, TERM_NAME) VALUES('Board Games', 'Twister')
INSERT INTO TERM (TOPIC_TOPIC_NAME, TERM_NAME) VALUES('Board Games', 'Uno')
INSERT INTO TERM (TOPIC_TOPIC_NAME, TERM_NAME) VALUES('Board Games', 'Bingo')
INSERT INTO TERM (TOPIC_TOPIC_NAME, TERM_NAME) VALUES('Board Games', 'Risiko')
INSERT INTO TERM (TOPIC_TOPIC_NAME, TERM_NAME) VALUES('Board Games', 'Poker')
INSERT INTO TERM (TOPIC_TOPIC_NAME, TERM_NAME) VALUES('Comics', 'Batman')
INSERT INTO TERM (TOPIC_TOPIC_NAME, TERM_NAME) VALUES('Comics', 'Superman')
INSERT INTO TERM (TOPIC_TOPIC_NAME, TERM_NAME) VALUES('Comics', 'Wonder Woman')
INSERT INTO TERM (TOPIC_TOPIC_NAME, TERM_NAME) VALUES('Comics', 'The Flash ')
INSERT INTO TERM (TOPIC_TOPIC_NAME, TERM_NAME) VALUES('Comics', 'Joker')
INSERT INTO TERM (TOPIC_TOPIC_NAME, TERM_NAME) VALUES('Comics', 'Aquaman')
INSERT INTO TERM (TOPIC_TOPIC_NAME, TERM_NAME) VALUES('Comics', 'Iron Man')
INSERT INTO TERM (TOPIC_TOPIC_NAME, TERM_NAME) VALUES('Comics', 'Thor')
INSERT INTO TERM (TOPIC_TOPIC_NAME, TERM_NAME) VALUES('Comics', 'Hulk')
INSERT INTO TERM (TOPIC_TOPIC_NAME, TERM_NAME) VALUES('Comics', 'Black Panther')
INSERT INTO TERM (TOPIC_TOPIC_NAME, TERM_NAME) VALUES('Comics', 'Spider Man')
INSERT INTO TERM (TOPIC_TOPIC_NAME, TERM_NAME) VALUES('Fashion', 'Vogue')
INSERT INTO TERM (TOPIC_TOPIC_NAME, TERM_NAME) VALUES('Fashion', 'Denim Jeans')
INSERT INTO TERM (TOPIC_TOPIC_NAME, TERM_NAME) VALUES('Fashion', 'Louis Vuitton')
INSERT INTO TERM (TOPIC_TOPIC_NAME, TERM_NAME) VALUES('Fashion', 'Versace')
INSERT INTO TERM (TOPIC_TOPIC_NAME, TERM_NAME) VALUES('Fashion', 'skirt')
INSERT INTO TERM (TOPIC_TOPIC_NAME, TERM_NAME) VALUES('Fashion', 'turban')
INSERT INTO TERM (TOPIC_TOPIC_NAME, TERM_NAME) VALUES('Fashion', 'gloves')
INSERT INTO TERM (TOPIC_TOPIC_NAME, TERM_NAME) VALUES('Fashion', 'belt')
INSERT INTO TERM (TOPIC_TOPIC_NAME, TERM_NAME) VALUES('Fashion', 'socks')
INSERT INTO TERM (TOPIC_TOPIC_NAME, TERM_NAME) VALUES('Fashion', 'heels')
INSERT INTO TERM (TOPIC_TOPIC_NAME, TERM_NAME) VALUES('Music', 'Michael Jackson')
INSERT INTO TERM (TOPIC_TOPIC_NAME, TERM_NAME) VALUES('Music', 'Jimi Hendrix')
INSERT INTO TERM (TOPIC_TOPIC_NAME, TERM_NAME) VALUES('Music', 'Freddie Mercury')
INSERT INTO TERM (TOPIC_TOPIC_NAME, TERM_NAME) VALUES('Music', 'Bob Marley')
INSERT INTO TERM (TOPIC_TOPIC_NAME, TERM_NAME) VALUES('Music', 'radio')
INSERT INTO TERM (TOPIC_TOPIC_NAME, TERM_NAME) VALUES('Music', 'Microphone')
INSERT INTO TERM (TOPIC_TOPIC_NAME, TERM_NAME) VALUES('Music', 'Piano')
INSERT INTO TERM (TOPIC_TOPIC_NAME, TERM_NAME) VALUES('Music', 'Guitar')
INSERT INTO TERM (TOPIC_TOPIC_NAME, TERM_NAME) VALUES('Music', 'Disc jockey')
INSERT INTO TERM (TOPIC_TOPIC_NAME, TERM_NAME) VALUES('Music', 'headphones')
INSERT INTO TERM (TOPIC_TOPIC_NAME, TERM_NAME) VALUES('Music', 'album')
INSERT INTO TERM (TOPIC_TOPIC_NAME, TERM_NAME) VALUES('Music', 'gramophone record')
INSERT INTO TERM (TOPIC_TOPIC_NAME, TERM_NAME) VALUES('Literature', 'William Shakespeare')
INSERT INTO TERM (TOPIC_TOPIC_NAME, TERM_NAME) VALUES('Literature', 'Pinocchio')
INSERT INTO TERM (TOPIC_TOPIC_NAME, TERM_NAME) VALUES('Literature', 'Dracula')
INSERT INTO TERM (TOPIC_TOPIC_NAME, TERM_NAME) VALUES('Literature', 'Peter Pan')
INSERT INTO TERM (TOPIC_TOPIC_NAME, TERM_NAME) VALUES('Literature', 'Pippi Longstocking')
INSERT INTO TERM (TOPIC_TOPIC_NAME, TERM_NAME) VALUES('Literature', 'ghost')
INSERT INTO TERM (TOPIC_TOPIC_NAME, TERM_NAME) VALUES('Literature', 'dragon')
INSERT INTO TERM (TOPIC_TOPIC_NAME, TERM_NAME) VALUES('Literature', 'castle')
INSERT INTO TERM (TOPIC_TOPIC_NAME, TERM_NAME) VALUES('Literature', 'witch')
INSERT INTO TERM (TOPIC_TOPIC_NAME, TERM_NAME) VALUES('Literature', 'Sherlock Holmes')



INSERT INTO GAME (GAME_NAME, COUNT_PLAYERS, NR_ROUND, NUMBER_OF_TEAMS, SCORE_TO_WIN, TEAM_SIZE, TOTAL_SCORE, TOPIC_TOPIC_NAME) VALUES ('Peter', '1', '0', '2', '50', '3', '1', 'Geo')
INSERT INTO GAME (GAME_NAME, COUNT_PLAYERS, NR_ROUND, NUMBER_OF_TEAMS, SCORE_TO_WIN, TEAM_SIZE, TOTAL_SCORE, TOPIC_TOPIC_NAME) VALUES ('Ordo', '1', '0', '2', '50', '3', '1', 'Geo')

INSERT INTO RASPBERRY (IP_ADDRESS,API_KEY,IN_USE) VALUES ('192.168.0.10','7173b055-4674-4ca2-8348-60e1b3fa8204',TRUE )
INSERT INTO RASPBERRY (IP_ADDRESS,IN_USE) VALUES ('192.168.0.11',TRUE )
