INSERT INTO USER (ENABLED, PASSWORD, USERNAME, CREATE_USER_USERNAME, CREATE_DATE) VALUES(TRUE, '$2y$12$dN1XN9n671yDMIhu2owRgup4T33EUGeHSN02vDxA9CkRH4szqWp9K', 'admin', 'admin', '2016-01-01 00:00:00')
INSERT INTO USER_USER_ROLE (USER_USERNAME, ROLES) VALUES ('admin', 'ADMIN')
INSERT INTO USER_USER_ROLE (USER_USERNAME, ROLES) VALUES ('admin', 'PLAYER')
INSERT INTO USER (ENABLED, PASSWORD, USERNAME, CREATE_USER_USERNAME, CREATE_DATE) VALUES(TRUE, '$2y$12$dN1XN9n671yDMIhu2owRgup4T33EUGeHSN02vDxA9CkRH4szqWp9K', 'user1', 'admin', '2016-01-01 00:00:00')
INSERT INTO USER_USER_ROLE (USER_USERNAME, ROLES) VALUES ('user1', 'GAME_MANAGER')
INSERT INTO USER_USER_ROLE (USER_USERNAME, ROLES) VALUES ('user1', 'PLAYER')
INSERT INTO USER (ENABLED, PASSWORD, USERNAME, CREATE_USER_USERNAME, CREATE_DATE) VALUES(TRUE, '$2y$12$dN1XN9n671yDMIhu2owRgup4T33EUGeHSN02vDxA9CkRH4szqWp9K', 'user2', 'admin', '2016-01-01 00:00:00')
INSERT INTO USER_USER_ROLE (USER_USERNAME, ROLES) VALUES ('user2', 'PLAYER')
INSERT INTO USER (ENABLED, PASSWORD, USERNAME, CREATE_USER_USERNAME, CREATE_DATE) VALUES(TRUE, '$2y$12$dN1XN9n671yDMIhu2owRgup4T33EUGeHSN02vDxA9CkRH4szqWp9K', 'elvis', 'elvis', '2016-01-01 00:00:00')
INSERT INTO USER_USER_ROLE (USER_USERNAME, ROLES) VALUES ('elvis', 'ADMIN')
INSERT INTO USER_USER_ROLE (USER_USERNAME, ROLES) VALUES ('elvis', 'PLAYER')


INSERT INTO USER (ENABLED, PASSWORD, USERNAME, CREATE_USER_USERNAME, CREATE_DATE) VALUES(TRUE, '$2y$12$dN1XN9n671yDMIhu2owRgup4T33EUGeHSN02vDxA9CkRH4szqWp9K', 'user3', 'admin', '2016-01-01 00:00:00')
INSERT INTO USER_USER_ROLE (USER_USERNAME, ROLES) VALUES ('user3', 'PLAYER')
INSERT INTO USER (ENABLED, PASSWORD, USERNAME, CREATE_USER_USERNAME, CREATE_DATE) VALUES(TRUE, '$2y$12$dN1XN9n671yDMIhu2owRgup4T33EUGeHSN02vDxA9CkRH4szqWp9K', 'user4', 'admin', '2016-01-01 00:00:00')
INSERT INTO USER_USER_ROLE (USER_USERNAME, ROLES) VALUES ('user4', 'PLAYER')
INSERT INTO USER (ENABLED, PASSWORD, USERNAME, CREATE_USER_USERNAME, CREATE_DATE) VALUES(TRUE, '$2y$12$dN1XN9n671yDMIhu2owRgup4T33EUGeHSN02vDxA9CkRH4szqWp9K', 'user5', 'admin', '2016-01-01 00:00:00')
INSERT INTO USER_USER_ROLE (USER_USERNAME, ROLES) VALUES ('user5', 'PLAYER')
INSERT INTO USER (ENABLED, PASSWORD, USERNAME, CREATE_USER_USERNAME, CREATE_DATE) VALUES(TRUE, '$2y$12$dN1XN9n671yDMIhu2owRgup4T33EUGeHSN02vDxA9CkRH4szqWp9K', 'user6', 'admin', '2016-01-01 00:00:00')
INSERT INTO USER_USER_ROLE (USER_USERNAME, ROLES) VALUES ('user6', 'PLAYER')
INSERT INTO USER (ENABLED, PASSWORD, USERNAME, CREATE_USER_USERNAME, CREATE_DATE) VALUES(TRUE, '$2y$12$dN1XN9n671yDMIhu2owRgup4T33EUGeHSN02vDxA9CkRH4szqWp9K', 'user7', 'admin', '2016-01-01 00:00:00')
INSERT INTO USER_USER_ROLE (USER_USERNAME, ROLES) VALUES ('user7', 'PLAYER')
INSERT INTO USER (ENABLED, PASSWORD, USERNAME, CREATE_USER_USERNAME, CREATE_DATE) VALUES(TRUE, '$2y$12$dN1XN9n671yDMIhu2owRgup4T33EUGeHSN02vDxA9CkRH4szqWp9K', 'user8', 'admin', '2016-01-01 00:00:00')
INSERT INTO USER_USER_ROLE (USER_USERNAME, ROLES) VALUES ('user8', 'PLAYER')
INSERT INTO USER (ENABLED, PASSWORD, USERNAME, CREATE_USER_USERNAME, CREATE_DATE) VALUES(TRUE, '$2y$12$dN1XN9n671yDMIhu2owRgup4T33EUGeHSN02vDxA9CkRH4szqWp9K', 'topPlayer', 'admin', '2016-01-01 00:00:00')
INSERT INTO USER_USER_ROLE (USER_USERNAME, ROLES) VALUES ('topPlayer', 'PLAYER')
INSERT INTO USER (ENABLED, PASSWORD, USERNAME, CREATE_USER_USERNAME, CREATE_DATE) VALUES(TRUE, '$2y$12$dN1XN9n671yDMIhu2owRgup4T33EUGeHSN02vDxA9CkRH4szqWp9K', 'mrNice', 'admin', '2016-01-01 00:00:00')
INSERT INTO USER_USER_ROLE (USER_USERNAME, ROLES) VALUES ('mrNice', 'PLAYER')
INSERT INTO USER (ENABLED, PASSWORD, USERNAME, CREATE_USER_USERNAME, CREATE_DATE) VALUES(TRUE, '$2y$12$dN1XN9n671yDMIhu2owRgup4T33EUGeHSN02vDxA9CkRH4szqWp9K', 'dangerdan', 'admin', '2016-01-01 00:00:00')
INSERT INTO USER_USER_ROLE (USER_USERNAME, ROLES) VALUES ('dangerdan', 'PLAYER')
INSERT INTO USER (ENABLED, PASSWORD, USERNAME, CREATE_USER_USERNAME, CREATE_DATE) VALUES(TRUE, '$2y$12$dN1XN9n671yDMIhu2owRgup4T33EUGeHSN02vDxA9CkRH4szqWp9K', 'dangerdumm', 'admin', '2016-01-01 00:00:00')
INSERT INTO USER_USER_ROLE (USER_USERNAME, ROLES) VALUES ('dangerdumm', 'PLAYER')


INSERT INTO TOPIC (TOPIC_NAME) VALUES ('Geo')
INSERT INTO TOPIC (TOPIC_NAME) VALUES ('Music')
INSERT INTO TOPIC (TOPIC_NAME) VALUES ('Biology')
INSERT INTO TOPIC(TOPIC_NAME)  VALUES ('Food & Drink')
INSERT INTO TOPIC(TOPIC_NAME)  VALUES ('Fashion')
INSERT INTO TOPIC (TOPIC_NAME) VALUES ('History')
INSERT INTO TOPIC (TOPIC_NAME) VALUES ('Literature')
INSERT INTO TOPIC (TOPIC_NAME) VALUES ('Movies & TV')
INSERT INTO TOPIC (TOPIC_NAME) VALUES ('Art')
INSERT INTO TOPIC (TOPIC_NAME) VALUES ('Law')
INSERT INTO TOPIC (TOPIC_NAME) VALUES ('Celebrities & Influencers')
INSERT INTO TOPIC (TOPIC_NAME) VALUES ('Holidays & Celebrations')
INSERT INTO TOPIC (TOPIC_NAME) VALUES ('Comics')
INSERT INTO TOPIC (TOPIC_NAME) VALUES ('Video Games')
INSERT INTO TOPIC (TOPIC_NAME) VALUES ('Board Games')
INSERT INTO TOPIC (TOPIC_NAME) VALUES ('Animals')
INSERT INTO TOPIC (TOPIC_NAME) VALUES ('Architecture')
INSERT INTO TOPIC (TOPIC_NAME) VALUES ('Technology & Computer')
INSERT INTO TOPIC (TOPIC_NAME) VALUES ('Sports')
INSERT INTO TOPIC (TOPIC_NAME) VALUES ('Plants')


INSERT INTO TERM (TOPIC_TOPIC_NAME, TERM_NAME) VALUES('Plants', 'Cactus')
INSERT INTO TERM (TOPIC_TOPIC_NAME, TERM_NAME) VALUES('Plants', 'Cherry blossom')
INSERT INTO TERM (TOPIC_TOPIC_NAME, TERM_NAME) VALUES('Plants', 'Pollen')
INSERT INTO TERM (TOPIC_TOPIC_NAME, TERM_NAME) VALUES('Plants', 'Rose')
INSERT INTO TERM (TOPIC_TOPIC_NAME, TERM_NAME) VALUES('Plants', 'Daisy')
INSERT INTO TERM (TOPIC_TOPIC_NAME, TERM_NAME) VALUES('Plants', 'Sunflower')
INSERT INTO TERM (TOPIC_TOPIC_NAME, TERM_NAME) VALUES('Plants', 'Tulip')
INSERT INTO TERM (TOPIC_TOPIC_NAME, TERM_NAME) VALUES('Plants', 'Mushroom')
INSERT INTO TERM (TOPIC_TOPIC_NAME, TERM_NAME) VALUES('Plants', 'Weed')
INSERT INTO TERM (TOPIC_TOPIC_NAME, TERM_NAME) VALUES('Plants', 'Grass')


INSERT INTO TERM (TOPIC_TOPIC_NAME, TERM_NAME) VALUES('Animals', 'Lion')
INSERT INTO TERM (TOPIC_TOPIC_NAME, TERM_NAME) VALUES('Animals', 'Giraffe')
INSERT INTO TERM (TOPIC_TOPIC_NAME, TERM_NAME) VALUES('Animals', 'Snake')
INSERT INTO TERM (TOPIC_TOPIC_NAME, TERM_NAME) VALUES('Animals', 'Horse')
INSERT INTO TERM (TOPIC_TOPIC_NAME, TERM_NAME) VALUES('Animals', 'Panda')
INSERT INTO TERM (TOPIC_TOPIC_NAME, TERM_NAME) VALUES('Animals', 'Pig')
INSERT INTO TERM (TOPIC_TOPIC_NAME, TERM_NAME) VALUES('Animals', 'Deer')
INSERT INTO TERM (TOPIC_TOPIC_NAME, TERM_NAME) VALUES('Animals', 'Fox')
INSERT INTO TERM (TOPIC_TOPIC_NAME, TERM_NAME) VALUES('Animals', 'Dog')
INSERT INTO TERM (TOPIC_TOPIC_NAME, TERM_NAME) VALUES('Animals', 'Sheep')
INSERT INTO TERM (TOPIC_TOPIC_NAME, TERM_NAME) VALUES('Animals', 'Cat')


INSERT INTO TERM (TOPIC_TOPIC_NAME, TERM_NAME) VALUES('Art', 'Paint Brushes')
INSERT INTO TERM (TOPIC_TOPIC_NAME, TERM_NAME) VALUES('Art', 'Pencils')
INSERT INTO TERM (TOPIC_TOPIC_NAME, TERM_NAME) VALUES('Art', 'Watercolour')
INSERT INTO TERM (TOPIC_TOPIC_NAME, TERM_NAME) VALUES('Art', 'Gustav Klimt')
INSERT INTO TERM (TOPIC_TOPIC_NAME, TERM_NAME) VALUES('Art', 'Pablo Picasso')
INSERT INTO TERM (TOPIC_TOPIC_NAME, TERM_NAME) VALUES('Art', 'Leonardo da Vinci')
INSERT INTO TERM (TOPIC_TOPIC_NAME, TERM_NAME) VALUES('Art', 'Frida Kahlo')
INSERT INTO TERM (TOPIC_TOPIC_NAME, TERM_NAME) VALUES('Art', 'Albrecht Dürer')
INSERT INTO TERM (TOPIC_TOPIC_NAME, TERM_NAME) VALUES('Art', 'Louvre')
INSERT INTO TERM (TOPIC_TOPIC_NAME, TERM_NAME) VALUES('Art', 'Vincent van Gogh')
INSERT INTO TERM (TOPIC_TOPIC_NAME, TERM_NAME) VALUES('Art', 'Francisco Goya')
INSERT INTO TERM (TOPIC_TOPIC_NAME, TERM_NAME) VALUES('Art', 'Claude Monet')
INSERT INTO TERM (TOPIC_TOPIC_NAME, TERM_NAME) VALUES('Art', 'Michelangelo Buonarroti')
INSERT INTO TERM (TOPIC_TOPIC_NAME, TERM_NAME) VALUES('Art', 'Salvador Dalí')
INSERT INTO TERM (TOPIC_TOPIC_NAME, TERM_NAME) VALUES('Art', 'Henri Matisse')
INSERT INTO TERM (TOPIC_TOPIC_NAME, TERM_NAME) VALUES('Art', 'Pop Art')
INSERT INTO TERM (TOPIC_TOPIC_NAME, TERM_NAME) VALUES('Art', 'Cubism')
INSERT INTO TERM (TOPIC_TOPIC_NAME, TERM_NAME) VALUES('Art', 'Surrealism')
INSERT INTO TERM (TOPIC_TOPIC_NAME, TERM_NAME) VALUES('Art', 'Expressionism')
INSERT INTO TERM (TOPIC_TOPIC_NAME, TERM_NAME) VALUES('Art', 'Mona Lisa')
INSERT INTO TERM (TOPIC_TOPIC_NAME, TERM_NAME) VALUES('Art', 'The Kiss')
INSERT INTO TERM (TOPIC_TOPIC_NAME, TERM_NAME) VALUES('Art', 'The Birth of Venus')
INSERT INTO TERM (TOPIC_TOPIC_NAME, TERM_NAME) VALUES('Art', 'The Scream')


INSERT INTO TERM (TOPIC_TOPIC_NAME, TERM_NAME) VALUES('Celebrities & Influencers', 'Jim Carrey')
INSERT INTO TERM (TOPIC_TOPIC_NAME, TERM_NAME) VALUES('Celebrities & Influencers', 'Leonardo DiCaprio')
INSERT INTO TERM (TOPIC_TOPIC_NAME, TERM_NAME) VALUES('Celebrities & Influencers', 'Tom Hanks')
INSERT INTO TERM (TOPIC_TOPIC_NAME, TERM_NAME) VALUES('Celebrities & Influencers', 'Will Smith')
INSERT INTO TERM (TOPIC_TOPIC_NAME, TERM_NAME) VALUES('Celebrities & Influencers', 'Charlie Chaplin')
INSERT INTO TERM (TOPIC_TOPIC_NAME, TERM_NAME) VALUES('Celebrities & Influencers', 'Clint Eastwood')
INSERT INTO TERM (TOPIC_TOPIC_NAME, TERM_NAME) VALUES('Celebrities & Influencers', 'Jackie Chan')
INSERT INTO TERM (TOPIC_TOPIC_NAME, TERM_NAME) VALUES('Celebrities & Influencers', 'Monica Bellucci')
INSERT INTO TERM (TOPIC_TOPIC_NAME, TERM_NAME) VALUES('Celebrities & Influencers', 'Angelina Jolie')
INSERT INTO TERM (TOPIC_TOPIC_NAME, TERM_NAME) VALUES('Celebrities & Influencers', 'Johnny Depp')
INSERT INTO TERM (TOPIC_TOPIC_NAME, TERM_NAME) VALUES('Celebrities & Influencers', 'Bruce Willis')
INSERT INTO TERM (TOPIC_TOPIC_NAME, TERM_NAME) VALUES('Celebrities & Influencers', 'Megan Fox')
INSERT INTO TERM (TOPIC_TOPIC_NAME, TERM_NAME) VALUES('Celebrities & Influencers', 'Scarlett Johansson')
INSERT INTO TERM (TOPIC_TOPIC_NAME, TERM_NAME) VALUES('Celebrities & Influencers', 'Robin  Williams')
INSERT INTO TERM (TOPIC_TOPIC_NAME, TERM_NAME) VALUES('Celebrities & Influencers', 'John Travolta')
INSERT INTO TERM (TOPIC_TOPIC_NAME, TERM_NAME) VALUES('Celebrities & Influencers', 'Uma Thurman')
INSERT INTO TERM (TOPIC_TOPIC_NAME, TERM_NAME) VALUES('Holidays & Celebrations', 'Oktoberfest')
INSERT INTO TERM (TOPIC_TOPIC_NAME, TERM_NAME) VALUES('Holidays & Celebrations', 'Thanksgiving Day')
INSERT INTO TERM (TOPIC_TOPIC_NAME, TERM_NAME) VALUES('Holidays & Celebrations', 'Christmas')
INSERT INTO TERM (TOPIC_TOPIC_NAME, TERM_NAME) VALUES('Holidays & Celebrations', 'Easter')
INSERT INTO TERM (TOPIC_TOPIC_NAME, TERM_NAME) VALUES('Holidays & Celebrations', 'Hanukkah')
INSERT INTO TERM (TOPIC_TOPIC_NAME, TERM_NAME) VALUES('Holidays & Celebrations', 'New Year')
INSERT INTO TERM (TOPIC_TOPIC_NAME, TERM_NAME) VALUES('Holidays & Celebrations', 'Ramadan')
INSERT INTO TERM (TOPIC_TOPIC_NAME, TERM_NAME) VALUES('Holidays & Celebrations', 'Valentine’s Day')
INSERT INTO TERM (TOPIC_TOPIC_NAME, TERM_NAME) VALUES('Holidays & Celebrations', 'Halloween')
INSERT INTO TERM (TOPIC_TOPIC_NAME, TERM_NAME) VALUES('Holidays & Celebrations', 'Epiphany')
INSERT INTO TERM (TOPIC_TOPIC_NAME, TERM_NAME) VALUES('Holidays & Celebrations', 'Día de los muertos')


INSERT INTO TERM (TOPIC_TOPIC_NAME, TERM_NAME) VALUES('Board Games', 'Chess')
INSERT INTO TERM (TOPIC_TOPIC_NAME, TERM_NAME) VALUES('Board Games', 'Monopoly')
INSERT INTO TERM (TOPIC_TOPIC_NAME, TERM_NAME) VALUES('Board Games', 'Dominoes')
INSERT INTO TERM (TOPIC_TOPIC_NAME, TERM_NAME) VALUES('Board Games', 'Puzzle')
INSERT INTO TERM (TOPIC_TOPIC_NAME, TERM_NAME) VALUES('Board Games', 'Twister')
INSERT INTO TERM (TOPIC_TOPIC_NAME, TERM_NAME) VALUES('Board Games', 'Uno')
INSERT INTO TERM (TOPIC_TOPIC_NAME, TERM_NAME) VALUES('Board Games', 'Bingo')
INSERT INTO TERM (TOPIC_TOPIC_NAME, TERM_NAME) VALUES('Board Games', 'Risiko')
INSERT INTO TERM (TOPIC_TOPIC_NAME, TERM_NAME) VALUES('Board Games', 'Poker')
INSERT INTO TERM (TOPIC_TOPIC_NAME, TERM_NAME) VALUES('Board Games', 'The Game of Life')
INSERT INTO TERM (TOPIC_TOPIC_NAME, TERM_NAME) VALUES('Board Games', 'Clue')
INSERT INTO TERM (TOPIC_TOPIC_NAME, TERM_NAME) VALUES('Board Games', 'Candy Land')
INSERT INTO TERM (TOPIC_TOPIC_NAME, TERM_NAME) VALUES('Board Games', 'Scrabble')
INSERT INTO TERM (TOPIC_TOPIC_NAME, TERM_NAME) VALUES('Board Games', 'Battleship')
INSERT INTO TERM (TOPIC_TOPIC_NAME, TERM_NAME) VALUES('Board Games', 'Stratego')
INSERT INTO TERM (TOPIC_TOPIC_NAME, TERM_NAME) VALUES('Board Games', 'Qwirkle')
INSERT INTO TERM (TOPIC_TOPIC_NAME, TERM_NAME) VALUES('Board Games', 'Backgammon')
INSERT INTO TERM (TOPIC_TOPIC_NAME, TERM_NAME) VALUES('Board Games', 'Checkers')
INSERT INTO TERM (TOPIC_TOPIC_NAME, TERM_NAME) VALUES('Board Games', 'Chinese Checkers')
INSERT INTO TERM (TOPIC_TOPIC_NAME, TERM_NAME) VALUES('Board Games', 'Blokus')
INSERT INTO TERM (TOPIC_TOPIC_NAME, TERM_NAME) VALUES('Board Games', 'Agricola')
INSERT INTO TERM (TOPIC_TOPIC_NAME, TERM_NAME) VALUES('Board Games', 'Connect Four')
INSERT INTO TERM (TOPIC_TOPIC_NAME, TERM_NAME) VALUES('Board Games', 'Operation')
INSERT INTO TERM (TOPIC_TOPIC_NAME, TERM_NAME) VALUES('Board Games', 'Boggle')
INSERT INTO TERM (TOPIC_TOPIC_NAME, TERM_NAME) VALUES('Board Games', 'Mouse Trap')
INSERT INTO TERM (TOPIC_TOPIC_NAME, TERM_NAME) VALUES('Board Games', 'Jenga')
INSERT INTO TERM (TOPIC_TOPIC_NAME, TERM_NAME) VALUES('Board Games', 'Mastermind')


INSERT INTO TERM (TOPIC_TOPIC_NAME, TERM_NAME) VALUES('Comics', 'Batman')
INSERT INTO TERM (TOPIC_TOPIC_NAME, TERM_NAME) VALUES('Comics', 'Superman')
INSERT INTO TERM (TOPIC_TOPIC_NAME, TERM_NAME) VALUES('Comics', 'Wonder Woman')
INSERT INTO TERM (TOPIC_TOPIC_NAME, TERM_NAME) VALUES('Comics', 'The Flash ')
INSERT INTO TERM (TOPIC_TOPIC_NAME, TERM_NAME) VALUES('Comics', 'Joker')
INSERT INTO TERM (TOPIC_TOPIC_NAME, TERM_NAME) VALUES('Comics', 'Aquaman')
INSERT INTO TERM (TOPIC_TOPIC_NAME, TERM_NAME) VALUES('Comics', 'Iron Man')
INSERT INTO TERM (TOPIC_TOPIC_NAME, TERM_NAME) VALUES('Comics', 'Thor')
INSERT INTO TERM (TOPIC_TOPIC_NAME, TERM_NAME) VALUES('Comics', 'Hulk')
INSERT INTO TERM (TOPIC_TOPIC_NAME, TERM_NAME) VALUES('Comics', 'Black Panther')
INSERT INTO TERM (TOPIC_TOPIC_NAME, TERM_NAME) VALUES('Comics', 'Spider Man')


INSERT INTO TERM (TOPIC_TOPIC_NAME, TERM_NAME) VALUES('Fashion', 'Vogue')
INSERT INTO TERM (TOPIC_TOPIC_NAME, TERM_NAME) VALUES('Fashion', 'Denim Jeans')
INSERT INTO TERM (TOPIC_TOPIC_NAME, TERM_NAME) VALUES('Fashion', 'Louis Vuitton')
INSERT INTO TERM (TOPIC_TOPIC_NAME, TERM_NAME) VALUES('Fashion', 'Versace')
INSERT INTO TERM (TOPIC_TOPIC_NAME, TERM_NAME) VALUES('Fashion', 'Skirt')
INSERT INTO TERM (TOPIC_TOPIC_NAME, TERM_NAME) VALUES('Fashion', 'Turban')
INSERT INTO TERM (TOPIC_TOPIC_NAME, TERM_NAME) VALUES('Fashion', 'Gloves')
INSERT INTO TERM (TOPIC_TOPIC_NAME, TERM_NAME) VALUES('Fashion', 'Belt')
INSERT INTO TERM (TOPIC_TOPIC_NAME, TERM_NAME) VALUES('Fashion', 'Socks')
INSERT INTO TERM (TOPIC_TOPIC_NAME, TERM_NAME) VALUES('Fashion', 'Heels')
INSERT INTO TERM (TOPIC_TOPIC_NAME, TERM_NAME) VALUES('Fashion', 'Label')
INSERT INTO TERM (TOPIC_TOPIC_NAME, TERM_NAME) VALUES('Fashion', 'Silhouette')
INSERT INTO TERM (TOPIC_TOPIC_NAME, TERM_NAME) VALUES('Fashion', 'Bandana')
INSERT INTO TERM (TOPIC_TOPIC_NAME, TERM_NAME) VALUES('Fashion', 'Bermuda')
INSERT INTO TERM (TOPIC_TOPIC_NAME, TERM_NAME) VALUES('Fashion', 'Boxers')
INSERT INTO TERM (TOPIC_TOPIC_NAME, TERM_NAME) VALUES('Fashion', 'Bra')
INSERT INTO TERM (TOPIC_TOPIC_NAME, TERM_NAME) VALUES('Fashion', 'Bracelet')
INSERT INTO TERM (TOPIC_TOPIC_NAME, TERM_NAME) VALUES('Fashion', 'Camisole')
INSERT INTO TERM (TOPIC_TOPIC_NAME, TERM_NAME) VALUES('Fashion', 'Cardigan')
INSERT INTO TERM (TOPIC_TOPIC_NAME, TERM_NAME) VALUES('Fashion', 'Earrings')
INSERT INTO TERM (TOPIC_TOPIC_NAME, TERM_NAME) VALUES('Fashion', 'Gilet')
INSERT INTO TERM (TOPIC_TOPIC_NAME, TERM_NAME) VALUES('Fashion', 'Hat')
INSERT INTO TERM (TOPIC_TOPIC_NAME, TERM_NAME) VALUES('Fashion', 'Hoodie')
INSERT INTO TERM (TOPIC_TOPIC_NAME, TERM_NAME) VALUES('Fashion', 'Jumper')
INSERT INTO TERM (TOPIC_TOPIC_NAME, TERM_NAME) VALUES('Fashion', 'Kimono')
INSERT INTO TERM (TOPIC_TOPIC_NAME, TERM_NAME) VALUES('Fashion', 'Leggings')
INSERT INTO TERM (TOPIC_TOPIC_NAME, TERM_NAME) VALUES('Fashion', 'Necklace')
INSERT INTO TERM (TOPIC_TOPIC_NAME, TERM_NAME) VALUES('Fashion', 'Outfit')
INSERT INTO TERM (TOPIC_TOPIC_NAME, TERM_NAME) VALUES('Fashion', 'Pajamas')
INSERT INTO TERM (TOPIC_TOPIC_NAME, TERM_NAME) VALUES('Fashion', 'Pants')


INSERT INTO TERM (TOPIC_TOPIC_NAME, TERM_NAME) VALUES('Music', 'Michael Jackson')
INSERT INTO TERM (TOPIC_TOPIC_NAME, TERM_NAME) VALUES('Music', 'Jimi Hendrix')
INSERT INTO TERM (TOPIC_TOPIC_NAME, TERM_NAME) VALUES('Music', 'Freddie Mercury')
INSERT INTO TERM (TOPIC_TOPIC_NAME, TERM_NAME) VALUES('Music', 'Bob Marley')
INSERT INTO TERM (TOPIC_TOPIC_NAME, TERM_NAME) VALUES('Music', 'radio')
INSERT INTO TERM (TOPIC_TOPIC_NAME, TERM_NAME) VALUES('Music', 'Microphone')
INSERT INTO TERM (TOPIC_TOPIC_NAME, TERM_NAME) VALUES('Music', 'Piano')
INSERT INTO TERM (TOPIC_TOPIC_NAME, TERM_NAME) VALUES('Music', 'Guitar')
INSERT INTO TERM (TOPIC_TOPIC_NAME, TERM_NAME) VALUES('Music', 'Disc jockey')
INSERT INTO TERM (TOPIC_TOPIC_NAME, TERM_NAME) VALUES('Music', 'headphones')
INSERT INTO TERM (TOPIC_TOPIC_NAME, TERM_NAME) VALUES('Music', 'album')
INSERT INTO TERM (TOPIC_TOPIC_NAME, TERM_NAME) VALUES('Music', 'gramophone record')


INSERT INTO TERM (TOPIC_TOPIC_NAME, TERM_NAME) VALUES('Literature', 'William Shakespeare')
INSERT INTO TERM (TOPIC_TOPIC_NAME, TERM_NAME) VALUES('Literature', 'Pinocchio')
INSERT INTO TERM (TOPIC_TOPIC_NAME, TERM_NAME) VALUES('Literature', 'Dracula')
INSERT INTO TERM (TOPIC_TOPIC_NAME, TERM_NAME) VALUES('Literature', 'Peter Pan')
INSERT INTO TERM (TOPIC_TOPIC_NAME, TERM_NAME) VALUES('Literature', 'Pippi Longstocking')
INSERT INTO TERM (TOPIC_TOPIC_NAME, TERM_NAME) VALUES('Literature', 'Ghost')
INSERT INTO TERM (TOPIC_TOPIC_NAME, TERM_NAME) VALUES('Literature', 'Dragon')
INSERT INTO TERM (TOPIC_TOPIC_NAME, TERM_NAME) VALUES('Literature', 'Castle')
INSERT INTO TERM (TOPIC_TOPIC_NAME, TERM_NAME) VALUES('Literature', 'Witch')
INSERT INTO TERM (TOPIC_TOPIC_NAME, TERM_NAME) VALUES('Literature', '1984')
INSERT INTO TERM (TOPIC_TOPIC_NAME, TERM_NAME) VALUES('Literature', 'Harry Potter')
INSERT INTO TERM (TOPIC_TOPIC_NAME, TERM_NAME) VALUES('Literature', 'Sherlock Holmes')
INSERT INTO TERM (TOPIC_TOPIC_NAME, TERM_NAME) VALUES('Literature', 'The Lord of the Rings')
INSERT INTO TERM (TOPIC_TOPIC_NAME, TERM_NAME) VALUES('Literature', 'The Great Gatsby')
INSERT INTO TERM (TOPIC_TOPIC_NAME, TERM_NAME) VALUES('Literature', 'The Hobbit')
INSERT INTO TERM (TOPIC_TOPIC_NAME, TERM_NAME) VALUES('Literature', 'Little Women')
INSERT INTO TERM (TOPIC_TOPIC_NAME, TERM_NAME) VALUES('Literature', 'Fahrenheit 451')
INSERT INTO TERM (TOPIC_TOPIC_NAME, TERM_NAME) VALUES('Literature', 'Jane Eyre')
INSERT INTO TERM (TOPIC_TOPIC_NAME, TERM_NAME) VALUES('Literature', 'Animal Farm')
INSERT INTO TERM (TOPIC_TOPIC_NAME, TERM_NAME) VALUES('Literature', 'Of Mice and Men')
INSERT INTO TERM (TOPIC_TOPIC_NAME, TERM_NAME) VALUES('Literature', 'Romeo and Juliet')
INSERT INTO TERM (TOPIC_TOPIC_NAME, TERM_NAME) VALUES('Literature', 'Dante Alighieri')
INSERT INTO TERM (TOPIC_TOPIC_NAME, TERM_NAME) VALUES('Literature', 'Giacomo Leopardi')
INSERT INTO TERM (TOPIC_TOPIC_NAME, TERM_NAME) VALUES('Literature', 'Franz Kafka')
INSERT INTO TERM (TOPIC_TOPIC_NAME, TERM_NAME) VALUES('Literature', 'Johann Wolfgang von Goethe')


INSERT INTO TERM (TOPIC_TOPIC_NAME, TERM_NAME) VALUES('Geo', 'Alpen')
INSERT INTO TERM (TOPIC_TOPIC_NAME, TERM_NAME) VALUES('Geo', 'Berg')
INSERT INTO TERM (TOPIC_TOPIC_NAME, TERM_NAME) VALUES('Geo', 'Wald')
INSERT INTO TERM (TOPIC_TOPIC_NAME, TERM_NAME) VALUES('Geo', 'See')
INSERT INTO TERM (TOPIC_TOPIC_NAME, TERM_NAME) VALUES('Geo', 'Wind')
INSERT INTO TERM (TOPIC_TOPIC_NAME, TERM_NAME) VALUES('Geo', 'Temperature')
INSERT INTO TERM (TOPIC_TOPIC_NAME, TERM_NAME) VALUES('Geo', 'Steppe')
INSERT INTO TERM (TOPIC_TOPIC_NAME, TERM_NAME) VALUES('Geo', 'Kisch')
INSERT INTO TERM (TOPIC_TOPIC_NAME, TERM_NAME) VALUES('Geo', 'Oasis')
INSERT INTO TERM (TOPIC_TOPIC_NAME, TERM_NAME) VALUES('Geo', 'Valley')
INSERT INTO TERM (TOPIC_TOPIC_NAME, TERM_NAME) VALUES('Geo', 'Rural')
INSERT INTO TERM (TOPIC_TOPIC_NAME, TERM_NAME) VALUES('Geo', 'Etna')
INSERT INTO TERM (TOPIC_TOPIC_NAME, TERM_NAME) VALUES('Geo', 'Slope')
INSERT INTO TERM (TOPIC_TOPIC_NAME, TERM_NAME) VALUES('Geo', 'K2')
INSERT INTO TERM (TOPIC_TOPIC_NAME, TERM_NAME) VALUES('Geo', 'Volcano')
INSERT INTO TERM (TOPIC_TOPIC_NAME, TERM_NAME) VALUES('Geo', 'Badlands')
INSERT INTO TERM (TOPIC_TOPIC_NAME, TERM_NAME) VALUES('Geo', 'Canyon')
INSERT INTO TERM (TOPIC_TOPIC_NAME, TERM_NAME) VALUES('Geo', 'Continent')
INSERT INTO TERM (TOPIC_TOPIC_NAME, TERM_NAME) VALUES('Geo', 'Europe')
INSERT INTO TERM (TOPIC_TOPIC_NAME, TERM_NAME) VALUES('Geo', 'Lake')
INSERT INTO TERM (TOPIC_TOPIC_NAME, TERM_NAME) VALUES('Geo', 'Desert')
INSERT INTO TERM (TOPIC_TOPIC_NAME, TERM_NAME) VALUES('Geo', 'Country')
INSERT INTO TERM (TOPIC_TOPIC_NAME, TERM_NAME) VALUES('Geo', 'Earthquake')
INSERT INTO TERM (TOPIC_TOPIC_NAME, TERM_NAME) VALUES('Geo', 'Equator')
INSERT INTO TERM (TOPIC_TOPIC_NAME, TERM_NAME) VALUES('Geo', 'South America')
INSERT INTO TERM (TOPIC_TOPIC_NAME, TERM_NAME) VALUES('Geo', 'Forest')
INSERT INTO TERM (TOPIC_TOPIC_NAME, TERM_NAME) VALUES('Geo', 'Globe')
INSERT INTO TERM (TOPIC_TOPIC_NAME, TERM_NAME) VALUES('Geo', 'Hill')
INSERT INTO TERM (TOPIC_TOPIC_NAME, TERM_NAME) VALUES('Geo', 'Island')
INSERT INTO TERM (TOPIC_TOPIC_NAME, TERM_NAME) VALUES('Geo', 'Jungle')
INSERT INTO TERM (TOPIC_TOPIC_NAME, TERM_NAME) VALUES('Geo', 'Landscape')
INSERT INTO TERM (TOPIC_TOPIC_NAME, TERM_NAME) VALUES('Geo', 'Lava')
INSERT INTO TERM (TOPIC_TOPIC_NAME, TERM_NAME) VALUES('Geo', 'Longitude')
INSERT INTO TERM (TOPIC_TOPIC_NAME, TERM_NAME) VALUES('Geo', 'Sea')
INSERT INTO TERM (TOPIC_TOPIC_NAME, TERM_NAME) VALUES('Geo', 'National park')
INSERT INTO TERM (TOPIC_TOPIC_NAME, TERM_NAME) VALUES('Geo', 'Pole')
INSERT INTO TERM (TOPIC_TOPIC_NAME, TERM_NAME) VALUES('Geo', 'Ocean')


INSERT INTO TERM (TOPIC_TOPIC_NAME, TERM_NAME) VALUES('Technology & Computer', 'Smartphone')
INSERT INTO TERM (TOPIC_TOPIC_NAME, TERM_NAME) VALUES('Technology & Computer', 'Network')
INSERT INTO TERM (TOPIC_TOPIC_NAME, TERM_NAME) VALUES('Technology & Computer', 'Wi-Fi')
INSERT INTO TERM (TOPIC_TOPIC_NAME, TERM_NAME) VALUES('Technology & Computer', 'WLAN')
INSERT INTO TERM (TOPIC_TOPIC_NAME, TERM_NAME) VALUES('Technology & Computer', 'ISP')
INSERT INTO TERM (TOPIC_TOPIC_NAME, TERM_NAME) VALUES('Technology & Computer', 'Bandwidth')
INSERT INTO TERM (TOPIC_TOPIC_NAME, TERM_NAME) VALUES('Technology & Computer', 'Laptop')
INSERT INTO TERM (TOPIC_TOPIC_NAME, TERM_NAME) VALUES('Technology & Computer', 'PC')
INSERT INTO TERM (TOPIC_TOPIC_NAME, TERM_NAME) VALUES('Technology & Computer', 'Bit')
INSERT INTO TERM (TOPIC_TOPIC_NAME, TERM_NAME) VALUES('Technology & Computer', 'OS')
INSERT INTO TERM (TOPIC_TOPIC_NAME, TERM_NAME) VALUES('Technology & Computer', 'Linux')
INSERT INTO TERM (TOPIC_TOPIC_NAME, TERM_NAME) VALUES('Technology & Computer', 'CPU')
INSERT INTO TERM (TOPIC_TOPIC_NAME, TERM_NAME) VALUES('Technology & Computer', 'Windows')
INSERT INTO TERM (TOPIC_TOPIC_NAME, TERM_NAME) VALUES('Technology & Computer', 'Ethernet')
INSERT INTO TERM (TOPIC_TOPIC_NAME, TERM_NAME) VALUES('Technology & Computer', 'DVD')
INSERT INTO TERM (TOPIC_TOPIC_NAME, TERM_NAME) VALUES('Technology & Computer', 'Modem')
INSERT INTO TERM (TOPIC_TOPIC_NAME, TERM_NAME) VALUES('Technology & Computer', 'RAM')
INSERT INTO TERM (TOPIC_TOPIC_NAME, TERM_NAME) VALUES('Technology & Computer', 'ROM')
INSERT INTO TERM (TOPIC_TOPIC_NAME, TERM_NAME) VALUES('Technology & Computer', 'Server')
INSERT INTO TERM (TOPIC_TOPIC_NAME, TERM_NAME) VALUES('Technology & Computer', 'Tablet')
INSERT INTO TERM (TOPIC_TOPIC_NAME, TERM_NAME) VALUES('Technology & Computer', 'HTTP')
INSERT INTO TERM (TOPIC_TOPIC_NAME, TERM_NAME) VALUES('Technology & Computer', 'Application')


INSERT INTO TERM (TOPIC_TOPIC_NAME, TERM_NAME) VALUES('Law', 'Judge')
INSERT INTO TERM (TOPIC_TOPIC_NAME, TERM_NAME) VALUES('Law', 'Juror')
INSERT INTO TERM (TOPIC_TOPIC_NAME, TERM_NAME) VALUES('Law', 'Case file')
INSERT INTO TERM (TOPIC_TOPIC_NAME, TERM_NAME) VALUES('Law', 'Legal claim')
INSERT INTO TERM (TOPIC_TOPIC_NAME, TERM_NAME) VALUES('Law', 'Court')
INSERT INTO TERM (TOPIC_TOPIC_NAME, TERM_NAME) VALUES('Law', 'Counsel')
INSERT INTO TERM (TOPIC_TOPIC_NAME, TERM_NAME) VALUES('Law', 'Creditor')
INSERT INTO TERM (TOPIC_TOPIC_NAME, TERM_NAME) VALUES('Law', 'Equity')
INSERT INTO TERM (TOPIC_TOPIC_NAME, TERM_NAME) VALUES('Law', 'Evidence')
INSERT INTO TERM (TOPIC_TOPIC_NAME, TERM_NAME) VALUES('Law', 'Impeachment')
INSERT INTO TERM (TOPIC_TOPIC_NAME, TERM_NAME) VALUES('Law', 'Injunction')
INSERT INTO TERM (TOPIC_TOPIC_NAME, TERM_NAME) VALUES('Law', 'Issue')
INSERT INTO TERM (TOPIC_TOPIC_NAME, TERM_NAME) VALUES('Law', 'Interrogatories')
INSERT INTO TERM (TOPIC_TOPIC_NAME, TERM_NAME) VALUES('Law', 'Judgment')
INSERT INTO TERM (TOPIC_TOPIC_NAME, TERM_NAME) VALUES('Law', 'Jurisprudence')
INSERT INTO TERM (TOPIC_TOPIC_NAME, TERM_NAME) VALUES('Law', 'Jury')
INSERT INTO TERM (TOPIC_TOPIC_NAME, TERM_NAME) VALUES('Law', 'Lawsuit')
INSERT INTO TERM (TOPIC_TOPIC_NAME, TERM_NAME) VALUES('Law', 'Liquidation')
INSERT INTO TERM (TOPIC_TOPIC_NAME, TERM_NAME) VALUES('Law', 'Magistrate')


INSERT INTO TERM (TOPIC_TOPIC_NAME, TERM_NAME) VALUES('Biology', 'Cell')
INSERT INTO TERM (TOPIC_TOPIC_NAME, TERM_NAME) VALUES('Biology', 'Nucleus')
INSERT INTO TERM (TOPIC_TOPIC_NAME, TERM_NAME) VALUES('Biology', 'Respiration')
INSERT INTO TERM (TOPIC_TOPIC_NAME, TERM_NAME) VALUES('Biology', 'Centrosome')
INSERT INTO TERM (TOPIC_TOPIC_NAME, TERM_NAME) VALUES('Biology', 'DNA')
INSERT INTO TERM (TOPIC_TOPIC_NAME, TERM_NAME) VALUES('Biology', 'Genetics')
INSERT INTO TERM (TOPIC_TOPIC_NAME, TERM_NAME) VALUES('Biology', 'Germ')
INSERT INTO TERM (TOPIC_TOPIC_NAME, TERM_NAME) VALUES('Biology', 'Glycogen')
INSERT INTO TERM (TOPIC_TOPIC_NAME, TERM_NAME) VALUES('Biology', 'Invertebrate')
INSERT INTO TERM (TOPIC_TOPIC_NAME, TERM_NAME) VALUES('Biology', 'Isotonic')
INSERT INTO TERM (TOPIC_TOPIC_NAME, TERM_NAME) VALUES('Biology', 'Lymph')
INSERT INTO TERM (TOPIC_TOPIC_NAME, TERM_NAME) VALUES('Biology', 'Metaphase')
INSERT INTO TERM (TOPIC_TOPIC_NAME, TERM_NAME) VALUES('Biology', 'Meiosis')
INSERT INTO TERM (TOPIC_TOPIC_NAME, TERM_NAME) VALUES('Biology', 'Microorganism')
INSERT INTO TERM (TOPIC_TOPIC_NAME, TERM_NAME) VALUES('Biology', 'Miosis')
INSERT INTO TERM (TOPIC_TOPIC_NAME, TERM_NAME) VALUES('Biology', 'Mitosis')
INSERT INTO TERM (TOPIC_TOPIC_NAME, TERM_NAME) VALUES('Biology', 'Mitochondrion')
INSERT INTO TERM (TOPIC_TOPIC_NAME, TERM_NAME) VALUES('Biology', 'Molecule')
INSERT INTO TERM (TOPIC_TOPIC_NAME, TERM_NAME) VALUES('Biology', 'Atom')
INSERT INTO TERM (TOPIC_TOPIC_NAME, TERM_NAME) VALUES('Biology', 'Nervous tissue')
INSERT INTO TERM (TOPIC_TOPIC_NAME, TERM_NAME) VALUES('Biology', 'Nucleic acid')
INSERT INTO TERM (TOPIC_TOPIC_NAME, TERM_NAME) VALUES('Biology', 'Omnivore')


INSERT INTO TERM (TOPIC_TOPIC_NAME, TERM_NAME) VALUES('Architecture', 'Building')
INSERT INTO TERM (TOPIC_TOPIC_NAME, TERM_NAME) VALUES('Architecture', 'Column')
INSERT INTO TERM (TOPIC_TOPIC_NAME, TERM_NAME) VALUES('Architecture', 'Arch')
INSERT INTO TERM (TOPIC_TOPIC_NAME, TERM_NAME) VALUES('Architecture', 'Balustrade')
INSERT INTO TERM (TOPIC_TOPIC_NAME, TERM_NAME) VALUES('Architecture', 'Cupola')
INSERT INTO TERM (TOPIC_TOPIC_NAME, TERM_NAME) VALUES('Architecture', 'Roof')
INSERT INTO TERM (TOPIC_TOPIC_NAME, TERM_NAME) VALUES('Architecture', 'Pilaster')
INSERT INTO TERM (TOPIC_TOPIC_NAME, TERM_NAME) VALUES('Architecture', 'Portico')
INSERT INTO TERM (TOPIC_TOPIC_NAME, TERM_NAME) VALUES('Architecture', 'Brick')
INSERT INTO TERM (TOPIC_TOPIC_NAME, TERM_NAME) VALUES('Architecture', 'Wall')
INSERT INTO TERM (TOPIC_TOPIC_NAME, TERM_NAME) VALUES('Architecture', 'Attic')
INSERT INTO TERM (TOPIC_TOPIC_NAME, TERM_NAME) VALUES('Architecture', 'Window')
INSERT INTO TERM (TOPIC_TOPIC_NAME, TERM_NAME) VALUES('Architecture', 'Balcony')
INSERT INTO TERM (TOPIC_TOPIC_NAME, TERM_NAME) VALUES('Architecture', 'Baluster')


INSERT INTO TERM (TOPIC_TOPIC_NAME, TERM_NAME) VALUES('Movies & TV', 'Kill Bill')
INSERT INTO TERM (TOPIC_TOPIC_NAME, TERM_NAME) VALUES('Movies & TV', 'Titanic')
INSERT INTO TERM (TOPIC_TOPIC_NAME, TERM_NAME) VALUES('Movies & TV', 'Casablanca')
INSERT INTO TERM (TOPIC_TOPIC_NAME, TERM_NAME) VALUES('Movies & TV', 'The devil wears prada')
INSERT INTO TERM (TOPIC_TOPIC_NAME, TERM_NAME) VALUES('Movies & TV', 'Scream')
INSERT INTO TERM (TOPIC_TOPIC_NAME, TERM_NAME) VALUES('Movies & TV', 'Grease')
INSERT INTO TERM (TOPIC_TOPIC_NAME, TERM_NAME) VALUES('Movies & TV', 'The departed')
INSERT INTO TERM (TOPIC_TOPIC_NAME, TERM_NAME) VALUES('Movies & TV', 'Coming to America')
INSERT INTO TERM (TOPIC_TOPIC_NAME, TERM_NAME) VALUES('Movies & TV', 'Memento')
INSERT INTO TERM (TOPIC_TOPIC_NAME, TERM_NAME) VALUES('Movies & TV', 'Inception')
INSERT INTO TERM (TOPIC_TOPIC_NAME, TERM_NAME) VALUES('Movies & TV', 'Bridesmaids')
INSERT INTO TERM (TOPIC_TOPIC_NAME, TERM_NAME) VALUES('Movies & TV', 'Rocky')
INSERT INTO TERM (TOPIC_TOPIC_NAME, TERM_NAME) VALUES('Movies & TV', 'The shining')
INSERT INTO TERM (TOPIC_TOPIC_NAME, TERM_NAME) VALUES('Movies & TV', 'Pride and Prejudice')
INSERT INTO TERM (TOPIC_TOPIC_NAME, TERM_NAME) VALUES('Movies & TV', 'The silence of the lambs')
INSERT INTO TERM (TOPIC_TOPIC_NAME, TERM_NAME) VALUES('Movies & TV', 'Dead Poet Society')


INSERT INTO TERM (TOPIC_TOPIC_NAME, TERM_NAME) VALUES('Food & Drink', 'Pizza')
INSERT INTO TERM (TOPIC_TOPIC_NAME, TERM_NAME) VALUES('Food & Drink', 'Redbull')
INSERT INTO TERM (TOPIC_TOPIC_NAME, TERM_NAME) VALUES('Food & Drink', 'Falafel')
INSERT INTO TERM (TOPIC_TOPIC_NAME, TERM_NAME) VALUES('Food & Drink', 'Cheese')
INSERT INTO TERM (TOPIC_TOPIC_NAME, TERM_NAME) VALUES('Food & Drink', 'Sour cream')
INSERT INTO TERM (TOPIC_TOPIC_NAME, TERM_NAME) VALUES('Food & Drink', 'Ice cream')
INSERT INTO TERM (TOPIC_TOPIC_NAME, TERM_NAME) VALUES('Food & Drink', 'Toast')
INSERT INTO TERM (TOPIC_TOPIC_NAME, TERM_NAME) VALUES('Food & Drink', 'Coke')
INSERT INTO TERM (TOPIC_TOPIC_NAME, TERM_NAME) VALUES('Food & Drink', 'Water')
INSERT INTO TERM (TOPIC_TOPIC_NAME, TERM_NAME) VALUES('Food & Drink', 'Bacon')
INSERT INTO TERM (TOPIC_TOPIC_NAME, TERM_NAME) VALUES('Food & Drink', 'Hot dog')
INSERT INTO TERM (TOPIC_TOPIC_NAME, TERM_NAME) VALUES('Food & Drink', 'Salad')
INSERT INTO TERM (TOPIC_TOPIC_NAME, TERM_NAME) VALUES('Food & Drink', 'Muffin')
INSERT INTO TERM (TOPIC_TOPIC_NAME, TERM_NAME) VALUES('Food & Drink', 'Soft drink')
INSERT INTO TERM (TOPIC_TOPIC_NAME, TERM_NAME) VALUES('Food & Drink', 'Onion rings')
INSERT INTO TERM (TOPIC_TOPIC_NAME, TERM_NAME) VALUES('Food & Drink', 'Burrito')


INSERT INTO TERM (TOPIC_TOPIC_NAME, TERM_NAME) VALUES('History', 'Bronze Age')
INSERT INTO TERM (TOPIC_TOPIC_NAME, TERM_NAME) VALUES('History', 'WW2')
INSERT INTO TERM (TOPIC_TOPIC_NAME, TERM_NAME) VALUES('History', 'Caesar')
INSERT INTO TERM (TOPIC_TOPIC_NAME, TERM_NAME) VALUES('History', 'Marco Polo')
INSERT INTO TERM (TOPIC_TOPIC_NAME, TERM_NAME) VALUES('History', 'Imperialism')
INSERT INTO TERM (TOPIC_TOPIC_NAME, TERM_NAME) VALUES('History', 'Classical antiquity')
INSERT INTO TERM (TOPIC_TOPIC_NAME, TERM_NAME) VALUES('History', 'Archaic Greece')
INSERT INTO TERM (TOPIC_TOPIC_NAME, TERM_NAME) VALUES('History', 'Middle Ages')
INSERT INTO TERM (TOPIC_TOPIC_NAME, TERM_NAME) VALUES('History', 'Galileo Galilei')
INSERT INTO TERM (TOPIC_TOPIC_NAME, TERM_NAME) VALUES('History', 'Renaissance')
INSERT INTO TERM (TOPIC_TOPIC_NAME, TERM_NAME) VALUES('History', 'Scientific Revolution')
INSERT INTO TERM (TOPIC_TOPIC_NAME, TERM_NAME) VALUES('History', 'Industrial Revolution')
INSERT INTO TERM (TOPIC_TOPIC_NAME, TERM_NAME) VALUES('History', 'Romantic era')
INSERT INTO TERM (TOPIC_TOPIC_NAME, TERM_NAME) VALUES('History', 'Napoleonic era')
INSERT INTO TERM (TOPIC_TOPIC_NAME, TERM_NAME) VALUES('History', 'Empire')
INSERT INTO TERM (TOPIC_TOPIC_NAME, TERM_NAME) VALUES('History', 'Paleolithic')
INSERT INTO TERM (TOPIC_TOPIC_NAME, TERM_NAME) VALUES('History', 'Neolithic')
INSERT INTO TERM (TOPIC_TOPIC_NAME, TERM_NAME) VALUES('History', 'Modern history')
INSERT INTO TERM (TOPIC_TOPIC_NAME, TERM_NAME) VALUES('History', 'Vietnam War')


INSERT INTO TERM (TOPIC_TOPIC_NAME, TERM_NAME) VALUES('Video Games', 'Call of Duty')
INSERT INTO TERM (TOPIC_TOPIC_NAME, TERM_NAME) VALUES('Video Games', 'Minecraft')
INSERT INTO TERM (TOPIC_TOPIC_NAME, TERM_NAME) VALUES('Video Games', 'Among us')
INSERT INTO TERM (TOPIC_TOPIC_NAME, TERM_NAME) VALUES('Video Games', 'Tetris')
INSERT INTO TERM (TOPIC_TOPIC_NAME, TERM_NAME) VALUES('Video Games', 'Pac-Man')
INSERT INTO TERM (TOPIC_TOPIC_NAME, TERM_NAME) VALUES('Video Games', 'GTA')
INSERT INTO TERM (TOPIC_TOPIC_NAME, TERM_NAME) VALUES('Video Games', 'Overwatch')
INSERT INTO TERM (TOPIC_TOPIC_NAME, TERM_NAME) VALUES('Video Games', 'Fortnite')
INSERT INTO TERM (TOPIC_TOPIC_NAME, TERM_NAME) VALUES('Video Games', 'Super Mario Bros')
INSERT INTO TERM (TOPIC_TOPIC_NAME, TERM_NAME) VALUES('Video Games', 'Animal Crossing')
INSERT INTO TERM (TOPIC_TOPIC_NAME, TERM_NAME) VALUES('Video Games', 'League of Legends')
INSERT INTO TERM (TOPIC_TOPIC_NAME, TERM_NAME) VALUES('Video Games', 'Resident Evil')
INSERT INTO TERM (TOPIC_TOPIC_NAME, TERM_NAME) VALUES('Video Games', 'Wii sports')
INSERT INTO TERM (TOPIC_TOPIC_NAME, TERM_NAME) VALUES('Video Games', 'The legend of Zelda')
INSERT INTO TERM (TOPIC_TOPIC_NAME, TERM_NAME) VALUES('Video Games', 'Diablo')
INSERT INTO TERM (TOPIC_TOPIC_NAME, TERM_NAME) VALUES('Video Games', 'Fallout')
INSERT INTO TERM (TOPIC_TOPIC_NAME, TERM_NAME) VALUES('Video Games', 'Final Fantasy')
INSERT INTO TERM (TOPIC_TOPIC_NAME, TERM_NAME) VALUES('Video Games', 'Silent Hill')
INSERT INTO TERM (TOPIC_TOPIC_NAME, TERM_NAME) VALUES('Video Games', 'The Sims')
INSERT INTO TERM (TOPIC_TOPIC_NAME, TERM_NAME) VALUES('Video Games', 'Kingdom Hearts')
INSERT INTO TERM (TOPIC_TOPIC_NAME, TERM_NAME) VALUES('Video Games', 'Guitar Hero')
INSERT INTO TERM (TOPIC_TOPIC_NAME, TERM_NAME) VALUES('Video Games', 'Prince of Persia')
INSERT INTO TERM (TOPIC_TOPIC_NAME, TERM_NAME) VALUES('Video Games', 'Destiny')
INSERT INTO TERM (TOPIC_TOPIC_NAME, TERM_NAME) VALUES('Video Games', 'Halo')


INSERT INTO TERM (TOPIC_TOPIC_NAME, TERM_NAME) VALUES('Sports', 'Football')
INSERT INTO TERM (TOPIC_TOPIC_NAME, TERM_NAME) VALUES('Sports', 'Soccer')
INSERT INTO TERM (TOPIC_TOPIC_NAME, TERM_NAME) VALUES('Sports', 'Basketball')
INSERT INTO TERM (TOPIC_TOPIC_NAME, TERM_NAME) VALUES('Sports', 'Golf')
INSERT INTO TERM (TOPIC_TOPIC_NAME, TERM_NAME) VALUES('Sports', 'Running')
INSERT INTO TERM (TOPIC_TOPIC_NAME, TERM_NAME) VALUES('Sports', 'Volleyball')
INSERT INTO TERM (TOPIC_TOPIC_NAME, TERM_NAME) VALUES('Sports', 'Badminton')
INSERT INTO TERM (TOPIC_TOPIC_NAME, TERM_NAME) VALUES('Sports', 'Tennis')
INSERT INTO TERM (TOPIC_TOPIC_NAME, TERM_NAME) VALUES('Sports', 'Rugby')
INSERT INTO TERM (TOPIC_TOPIC_NAME, TERM_NAME) VALUES('Sports', 'Ice skating')
INSERT INTO TERM (TOPIC_TOPIC_NAME, TERM_NAME) VALUES('Sports', 'Skiing')
INSERT INTO TERM (TOPIC_TOPIC_NAME, TERM_NAME) VALUES('Sports', 'Bowling')
INSERT INTO TERM (TOPIC_TOPIC_NAME, TERM_NAME) VALUES('Sports', 'Boxing')
INSERT INTO TERM (TOPIC_TOPIC_NAME, TERM_NAME) VALUES('Sports', 'Swimming')
INSERT INTO TERM (TOPIC_TOPIC_NAME, TERM_NAME) VALUES('Sports', 'Cricket')
INSERT INTO TERM (TOPIC_TOPIC_NAME, TERM_NAME) VALUES('Sports', 'Gymnastics')
INSERT INTO TERM (TOPIC_TOPIC_NAME, TERM_NAME) VALUES('Sports', 'Sumo wrestling')
INSERT INTO TERM (TOPIC_TOPIC_NAME, TERM_NAME) VALUES('Sports', 'Taekwondo')
INSERT INTO TERM (TOPIC_TOPIC_NAME, TERM_NAME) VALUES('Sports', 'Sky diving')
INSERT INTO TERM (TOPIC_TOPIC_NAME, TERM_NAME) VALUES('Sports', 'Judo')
INSERT INTO TERM (TOPIC_TOPIC_NAME, TERM_NAME) VALUES('Sports', 'Karate')
INSERT INTO TERM (TOPIC_TOPIC_NAME, TERM_NAME) VALUES('Sports', 'Ice hockey')
INSERT INTO TERM (TOPIC_TOPIC_NAME, TERM_NAME) VALUES('Sports', 'Roller skating')
INSERT INTO TERM (TOPIC_TOPIC_NAME, TERM_NAME) VALUES('Sports', 'Archery')
INSERT INTO TERM (TOPIC_TOPIC_NAME, TERM_NAME) VALUES('Sports', 'Aikido')
INSERT INTO TERM (TOPIC_TOPIC_NAME, TERM_NAME) VALUES('Sports', 'Airsoft')
INSERT INTO TERM (TOPIC_TOPIC_NAME, TERM_NAME) VALUES('Sports', 'Athletics')
INSERT INTO TERM (TOPIC_TOPIC_NAME, TERM_NAME) VALUES('Sports', 'Crossfit')
INSERT INTO TERM (TOPIC_TOPIC_NAME, TERM_NAME) VALUES('Sports', 'Decathlon')
INSERT INTO TERM (TOPIC_TOPIC_NAME, TERM_NAME) VALUES('Sports', 'Diving')
INSERT INTO TERM (TOPIC_TOPIC_NAME, TERM_NAME) VALUES('Sports', 'Equestrian')
INSERT INTO TERM (TOPIC_TOPIC_NAME, TERM_NAME) VALUES('Sports', 'Horse Polo')


INSERT INTO RASPBERRY (HOSTNAME, IN_USE, IP_ADDRESS) VALUES('raspi', true, 'x')
INSERT INTO RASPBERRY (HOSTNAME, IP_ADDRESS,API_KEY,IN_USE) VALUES ('TopGamerz','192.168.0.10','7173b055-4674-4ca2-8348-60e1b3fa8204',TRUE )
INSERT INTO RASPBERRY (IP_ADDRESS,IN_USE) VALUES ('192.168.0.11',TRUE )

INSERT INTO GAME (GAME_NAME, COUNT_PLAYERS, TEAM_SIZE, SCORE_TO_WIN, TOPIC_TOPIC_NAME, ACTIVE) VALUES ('Zlatko', '4', '2', '45', 'Geo', false)
INSERT INTO GAME (GAME_NAME, COUNT_PLAYERS, TEAM_SIZE, SCORE_TO_WIN, TOPIC_TOPIC_NAME, ACTIVE,START_TIME,RASPBERRY_RASPBERRY_ID) VALUES ('Michael', '4', '2', '10', 'Geo', true,'2021-04-29T18:18:46+02:00',2)
INSERT INTO GAME (GAME_NAME, COUNT_PLAYERS, TEAM_SIZE, SCORE_TO_WIN, TOPIC_TOPIC_NAME, ACTIVE) VALUES ('Max', '4', '2', '20', 'Geo', false)
INSERT INTO GAME (GAME_NAME, COUNT_PLAYERS, TEAM_SIZE, SCORE_TO_WIN, TOPIC_TOPIC_NAME, ACTIVE) VALUES ('Angela', '4', '2', '25', 'Geo', false)
-- pending game1
-- init game
INSERT INTO GAME (GAME_NAME, COUNT_PLAYERS, TEAM_SIZE, SCORE_TO_WIN, TOPIC_TOPIC_NAME, ACTIVE, START_TIME) VALUES ('Peter', '4', '2', '50', 'Geo', true, '2021-04-29T18:18:46+02:00')

INSERT INTO GAME (GAME_NAME, COUNT_PLAYERS, TEAM_SIZE, SCORE_TO_WIN, TOPIC_TOPIC_NAME, ACTIVE, START_TIME) VALUES ('Jackson', '6', '2', '50', 'Geo', true, '2021-04-29T18:18:46+02:00')
INSERT INTO GAME (GAME_NAME, COUNT_PLAYERS, TEAM_SIZE, SCORE_TO_WIN, TOPIC_TOPIC_NAME, ACTIVE, START_TIME) VALUES ('Test', '2', '2', '50', 'Geo', true, '2021-04-29T18:18:46+02:00')


-- init team1
INSERT INTO TEAM (TEAM_NAME, GAME_GAME_ID) VALUES ('TEAM1', '1')
-- init team1 with players
INSERT INTO TEAM_TEAM_PLAYERS(TEAM_TEAM_ID, TEAM_PLAYERS_USERNAME) VALUES ('1', 'user1')
INSERT INTO TEAM_TEAM_PLAYERS(TEAM_TEAM_ID, TEAM_PLAYERS_USERNAME) VALUES ('1', 'user2')
-- init team2
INSERT INTO TEAM (TEAM_NAME, GAME_GAME_ID) VALUES ('TEAM2', '1')
-- init team2 with players
INSERT INTO TEAM_TEAM_PLAYERS(TEAM_TEAM_ID, TEAM_PLAYERS_USERNAME) VALUES ('2', 'user3')
INSERT INTO TEAM_TEAM_PLAYERS(TEAM_TEAM_ID, TEAM_PLAYERS_USERNAME) VALUES ('2', 'user4')
-- associate team with the game
INSERT INTO GAME_TEAM_LIST (GAME_GAME_ID, TEAM_LIST_TEAM_ID) VALUES ('1', '1')
INSERT INTO GAME_TEAM_LIST (GAME_GAME_ID, TEAM_LIST_TEAM_ID) VALUES ('1', '2')
-- played rounds with the score results
INSERT INTO SCORE (TOTAL_ROUND_SCORE, GAME_GAME_ID, TEAM_TEAM_ID, USER_USERNAME) VALUES ('3', '1', '1', 'user1')
INSERT INTO SCORE (TOTAL_ROUND_SCORE, GAME_GAME_ID, TEAM_TEAM_ID, USER_USERNAME) VALUES ('2', '1', '1', 'user1')
INSERT INTO SCORE (TOTAL_ROUND_SCORE, GAME_GAME_ID, TEAM_TEAM_ID, USER_USERNAME) VALUES ('1', '1', '1', 'user2')
INSERT INTO SCORE (TOTAL_ROUND_SCORE, GAME_GAME_ID, TEAM_TEAM_ID, USER_USERNAME) VALUES ('1', '1', '1', 'user2')
INSERT INTO SCORE (TOTAL_ROUND_SCORE, GAME_GAME_ID, TEAM_TEAM_ID, USER_USERNAME) VALUES ('3', '1', '1', 'user1')
INSERT INTO SCORE (TOTAL_ROUND_SCORE, GAME_GAME_ID, TEAM_TEAM_ID, USER_USERNAME) VALUES ('2', '1', '1', 'user1')
INSERT INTO SCORE (TOTAL_ROUND_SCORE, GAME_GAME_ID, TEAM_TEAM_ID, USER_USERNAME) VALUES ('1', '1', '1', 'user2')
INSERT INTO SCORE (TOTAL_ROUND_SCORE, GAME_GAME_ID, TEAM_TEAM_ID, USER_USERNAME) VALUES ('1', '1', '1', 'user2')
INSERT INTO SCORE (TOTAL_ROUND_SCORE, GAME_GAME_ID, TEAM_TEAM_ID, USER_USERNAME) VALUES ('0', '1', '1', 'user1')
INSERT INTO SCORE (TOTAL_ROUND_SCORE, GAME_GAME_ID, TEAM_TEAM_ID, USER_USERNAME) VALUES ('0', '1', '1', 'user1')
INSERT INTO SCORE (TOTAL_ROUND_SCORE, GAME_GAME_ID, TEAM_TEAM_ID, USER_USERNAME) VALUES ('0', '1', '1', 'user2')
INSERT INTO SCORE (TOTAL_ROUND_SCORE, GAME_GAME_ID, TEAM_TEAM_ID, USER_USERNAME) VALUES ('0', '1', '1', 'user2')
INSERT INTO SCORE (TOTAL_ROUND_SCORE, GAME_GAME_ID, TEAM_TEAM_ID, USER_USERNAME) VALUES ('0', '1', '1', 'user1')
INSERT INTO SCORE (TOTAL_ROUND_SCORE, GAME_GAME_ID, TEAM_TEAM_ID, USER_USERNAME) VALUES ('0', '1', '1', 'user2')
INSERT INTO SCORE (TOTAL_ROUND_SCORE, GAME_GAME_ID, TEAM_TEAM_ID, USER_USERNAME) VALUES ('0', '1', '1', 'user2')

INSERT INTO SCORE (TOTAL_ROUND_SCORE, GAME_GAME_ID, TEAM_TEAM_ID, USER_USERNAME) VALUES ('3', '1', '1', 'user3')
INSERT INTO SCORE (TOTAL_ROUND_SCORE, GAME_GAME_ID, TEAM_TEAM_ID, USER_USERNAME) VALUES ('2', '1', '1', 'user3')
INSERT INTO SCORE (TOTAL_ROUND_SCORE, GAME_GAME_ID, TEAM_TEAM_ID, USER_USERNAME) VALUES ('1', '1', '1', 'user3')
INSERT INTO SCORE (TOTAL_ROUND_SCORE, GAME_GAME_ID, TEAM_TEAM_ID, USER_USERNAME) VALUES ('1', '1', '1', 'user3')
INSERT INTO SCORE (TOTAL_ROUND_SCORE, GAME_GAME_ID, TEAM_TEAM_ID, USER_USERNAME) VALUES ('3', '1', '1', 'user3')
INSERT INTO SCORE (TOTAL_ROUND_SCORE, GAME_GAME_ID, TEAM_TEAM_ID, USER_USERNAME) VALUES ('2', '1', '1', 'user4')
INSERT INTO SCORE (TOTAL_ROUND_SCORE, GAME_GAME_ID, TEAM_TEAM_ID, USER_USERNAME) VALUES ('1', '1', '1', 'user4')
INSERT INTO SCORE (TOTAL_ROUND_SCORE, GAME_GAME_ID, TEAM_TEAM_ID, USER_USERNAME) VALUES ('1', '1', '1', 'user4')
INSERT INTO SCORE (TOTAL_ROUND_SCORE, GAME_GAME_ID, TEAM_TEAM_ID, USER_USERNAME) VALUES ('0', '1', '1', 'user4')
INSERT INTO SCORE (TOTAL_ROUND_SCORE, GAME_GAME_ID, TEAM_TEAM_ID, USER_USERNAME) VALUES ('0', '1', '1', 'user4')
INSERT INTO SCORE (TOTAL_ROUND_SCORE, GAME_GAME_ID, TEAM_TEAM_ID, USER_USERNAME) VALUES ('0', '1', '1', 'user4')
INSERT INTO SCORE (TOTAL_ROUND_SCORE, GAME_GAME_ID, TEAM_TEAM_ID, USER_USERNAME) VALUES ('0', '1', '1', 'user4')
INSERT INTO SCORE (TOTAL_ROUND_SCORE, GAME_GAME_ID, TEAM_TEAM_ID, USER_USERNAME) VALUES ('0', '1', '1', 'user4')
INSERT INTO SCORE (TOTAL_ROUND_SCORE, GAME_GAME_ID, TEAM_TEAM_ID, USER_USERNAME) VALUES ('0', '1', '1', 'user4')
INSERT INTO SCORE (TOTAL_ROUND_SCORE, GAME_GAME_ID, TEAM_TEAM_ID, USER_USERNAME) VALUES ('0', '1', '1', 'user4')

-- pending game1 end

-- finished game1
INSERT INTO GAME (GAME_NAME, COUNT_PLAYERS, TEAM_SIZE, SCORE_TO_WIN, TOPIC_TOPIC_NAME, ACTIVE, START_TIME, END_TIME) VALUES ('Hans', '4', '2', '10', 'Geo', false, '2021-04-29T18:18:46+02:00', '2021-04-29T18:19:46+02:00')
INSERT INTO TEAM (TEAM_NAME, GAME_GAME_ID) VALUES ('TEAM1', '2')
INSERT INTO TEAM_TEAM_PLAYERS(TEAM_TEAM_ID, TEAM_PLAYERS_USERNAME) VALUES ('3', 'topPlayer')
INSERT INTO TEAM_TEAM_PLAYERS(TEAM_TEAM_ID, TEAM_PLAYERS_USERNAME) VALUES ('3', 'mrNice')
INSERT INTO TEAM (TEAM_NAME, GAME_GAME_ID) VALUES ('TEAM2', '2')
INSERT INTO TEAM_TEAM_PLAYERS(TEAM_TEAM_ID, TEAM_PLAYERS_USERNAME) VALUES ('4', 'dangerdan')
INSERT INTO TEAM_TEAM_PLAYERS(TEAM_TEAM_ID, TEAM_PLAYERS_USERNAME) VALUES ('4', 'dangerdumm')
INSERT INTO GAME_TEAM_LIST (GAME_GAME_ID, TEAM_LIST_TEAM_ID) VALUES ('2', '3')
INSERT INTO GAME_TEAM_LIST (GAME_GAME_ID, TEAM_LIST_TEAM_ID) VALUES ('2', '4')

INSERT INTO SCORE (TOTAL_ROUND_SCORE, GAME_GAME_ID, TEAM_TEAM_ID, USER_USERNAME) VALUES ('3', '2', '3', 'topPlayer')
INSERT INTO SCORE (TOTAL_ROUND_SCORE, GAME_GAME_ID, TEAM_TEAM_ID, USER_USERNAME) VALUES ('3', '2', '3', 'topPlayer')
INSERT INTO SCORE (TOTAL_ROUND_SCORE, GAME_GAME_ID, TEAM_TEAM_ID, USER_USERNAME) VALUES ('3', '2', '3', 'topPlayer')
INSERT INTO SCORE (TOTAL_ROUND_SCORE, GAME_GAME_ID, TEAM_TEAM_ID, USER_USERNAME) VALUES ('1', '2', '3', 'mrNice')

INSERT INTO SCORE (TOTAL_ROUND_SCORE, GAME_GAME_ID, TEAM_TEAM_ID, USER_USERNAME) VALUES ('3', '2', '4', 'dangerdumm')
INSERT INTO SCORE (TOTAL_ROUND_SCORE, GAME_GAME_ID, TEAM_TEAM_ID, USER_USERNAME) VALUES ('3', '2', '3', 'dangerdumm')
INSERT INTO SCORE (TOTAL_ROUND_SCORE, GAME_GAME_ID, TEAM_TEAM_ID, USER_USERNAME) VALUES ('3', '2', '3', 'dangerdan')
INSERT INTO SCORE (TOTAL_ROUND_SCORE, GAME_GAME_ID, TEAM_TEAM_ID, USER_USERNAME) VALUES ('0', '2', '3', 'dangerdan')


--INSERT INTO RASPBERRY (HOSTNAME, IN_USE, IP_ADDRESS) VALUES('raspi', true, 'x')
--INSERT INTO RASPBERRY (IP_ADDRESS,API_KEY,IN_USE) VALUES ('192.168.0.10','7173b055-4674-4ca2-8348-60e1b3fa8204',TRUE )
--INSERT INTO RASPBERRY (IP_ADDRESS,IN_USE) VALUES ('192.168.0.11',TRUE )
UPDATE USER SET RASPBERRY_RASPBERRY_ID = 2 WHERE USERNAME = 'admin'
UPDATE USER SET RASPBERRY_RASPBERRY_ID = 2 WHERE USERNAME = 'user1'
UPDATE USER SET RASPBERRY_RASPBERRY_ID = 2 WHERE USERNAME = 'user2'
UPDATE USER SET RASPBERRY_RASPBERRY_ID = 1 WHERE USERNAME = 'user3'
UPDATE USER SET RASPBERRY_RASPBERRY_ID = 1 WHERE USERNAME = 'user4'
UPDATE USER SET RASPBERRY_RASPBERRY_ID = 1 WHERE USERNAME = 'user5'
UPDATE USER SET RASPBERRY_RASPBERRY_ID = 1 WHERE USERNAME = 'user6'
UPDATE USER SET RASPBERRY_RASPBERRY_ID = 1 WHERE USERNAME = 'user7'
UPDATE USER SET RASPBERRY_RASPBERRY_ID = 1 WHERE USERNAME = 'user8'
UPDATE USER SET RASPBERRY_RASPBERRY_ID = 2 WHERE USERNAME = 'elvis'
UPDATE USER SET RASPBERRY_RASPBERRY_ID = 2 WHERE USERNAME = 'topPlayer'
UPDATE USER SET RASPBERRY_RASPBERRY_ID = 2 WHERE USERNAME = 'mrNice'
UPDATE USER SET RASPBERRY_RASPBERRY_ID = 2 WHERE USERNAME = 'dangerdan'
UPDATE USER SET RASPBERRY_RASPBERRY_ID = 2 WHERE USERNAME = 'dangerdumm'


INSERT INTO TIME_FLIP_CONF (FACET_POINT, TIME, REQUEST_TYPE) VALUES (2, 60, 'PANTOMIME')
INSERT INTO TIME_FLIP_CONF (FACET_POINT, TIME, REQUEST_TYPE) VALUES (3, 60, 'PANTOMIME')
INSERT INTO TIME_FLIP_CONF (FACET_POINT, TIME, REQUEST_TYPE) VALUES (2, 60, 'RHYME')

INSERT INTO TIME_FLIP_CONF (FACET_POINT, TIME, REQUEST_TYPE) VALUES (1, 60, 'PANTOMIME')
INSERT INTO TIME_FLIP_CONF (FACET_POINT, TIME, REQUEST_TYPE) VALUES (3, 60, 'SPEAKING')
INSERT INTO TIME_FLIP_CONF (FACET_POINT, TIME, REQUEST_TYPE) VALUES (1, 60, 'RHYME')

INSERT INTO TIME_FLIP_CONF (FACET_POINT, TIME, REQUEST_TYPE) VALUES (1, 60, 'SPEAKING')
INSERT INTO TIME_FLIP_CONF (FACET_POINT, TIME, REQUEST_TYPE) VALUES (1, 120, 'DRAWING')
INSERT INTO TIME_FLIP_CONF (FACET_POINT, TIME, REQUEST_TYPE) VALUES (2, 120, 'DRAWING')

INSERT INTO TIME_FLIP_CONF (FACET_POINT, TIME, REQUEST_TYPE) VALUES (1, 120, 'DRAWING')
INSERT INTO TIME_FLIP_CONF (FACET_POINT, TIME, REQUEST_TYPE) VALUES (2, 60, 'SPEAKING')
INSERT INTO TIME_FLIP_CONF (FACET_POINT, TIME, REQUEST_TYPE) VALUES (3, 60, 'RHYME')
